,Frequency (Hz),Amplitude (dBm)
0,100000,-51.28
1,101000,-51.17
2,102000,-51.18
3,103000,-48.27
4,104000,-52.82
5,105000,-51.22
6,106000,-52.11
7,107000,-52.71
8,108000,-52.66
9,109000,-51.89
10,110000,-51.77
11,111000,-52.61
12,112000,-52.48
13,113000,-52.39
14,114000,-54.239999999999995
15,115000,-54.42
16,116000,-50.72
17,117000,-54.44
18,118000,-53.34
19,119000,-54.22
20,120000,-53.21
21,121000,-53.53
22,122000,-53.32
23,123000,-54.69
24,124000,-51.75
25,125000,-54.790000000000006
26,126000,-54.72
27,127000,-54.900000000000006
28,128000,-53.69
29,129000,-54.34
30,130000,-53.94
31,131000,-54.78
32,132000,-55.05
33,133000,-54.3
34,134000,-54.989999999999995
35,135000,-53.18
36,136000,-55.099999999999994
37,137000,-54.03
38,138000,-53.58
39,139000,-56.18000000000001
40,140000,-54.22
41,141000,-55.620000000000005
42,142000,-55.08
43,143000,-54.84
44,144000,-56.040000000000006
45,145000,-55.3
46,146000,-55.129999999999995
47,147000,-56.47
48,148000,-56.19
49,149000,-56.92
50,150000,-56.72
51,151000,-56.730000000000004
52,152000,-57.870000000000005
53,153000,-55.400000000000006
54,154000,-54.150000000000006
55,155000,-57.66
56,156000,-56.900000000000006
57,157000,-56.7
58,158000,-57.36
59,159000,-56.22
60,160000,-57.379999999999995
61,161000,-57.739999999999995
62,162000,-56.260000000000005
63,163000,-54.91
64,164000,-56.09
65,165000,-57.78
66,166000,-55.56
67,167000,-58.8
68,168000,-57.709999999999994
69,169000,-57.72
70,170000,-55.33
71,171000,-57.629999999999995
72,172000,-56.769999999999996
73,173000,-58.489999999999995
74,174000,-57.89
75,175000,-58.269999999999996
76,176000,-58.150000000000006
77,177000,-58.540000000000006
78,178000,-57.709999999999994
79,179000,-58.31
80,180000,-57.400000000000006
81,181000,-58.459999999999994
82,182000,-58.980000000000004
83,183000,-58.61
84,184000,-59.129999999999995
85,185000,-58.89
86,186000,-56.94
87,187000,-57.93000000000001
88,188000,-58.06
89,189000,-59.19
90,190000,-60.69
91,191000,-59.08
92,192000,-58.59
93,193000,-57.89
94,194000,-58.370000000000005
95,195000,-57.05
96,196000,-59.14
97,197000,-56.769999999999996
98,198000,-57.3
99,199000,-56.599999999999994
100,200000,-56.709999999999994
101,201000,-57.120000000000005
102,202000,-57.650000000000006
103,203000,-57.230000000000004
104,204000,-57.66
105,205000,-58.84
106,206000,-59.489999999999995
107,207000,-58.010000000000005
108,208000,-59.5
109,209000,-59.959999999999994
110,210000,-57.58
111,211000,-59.120000000000005
112,212000,-58.39
113,213000,-59.91
114,214000,-61.03
115,215000,-59.78
116,216000,-59.92
117,217000,-60.89
118,218000,-61.3
119,219000,-61.730000000000004
120,220000,-61.31
121,221000,-60.75
122,222000,-61.400000000000006
123,223000,-60.31
124,224000,-60.400000000000006
125,225000,-60.55
126,226000,-62.120000000000005
127,227000,-59.459999999999994
128,228000,-60.34
129,229000,-60.790000000000006
130,230000,-61.269999999999996
131,231000,-61.28
132,232000,-59.349999999999994
133,233000,-60.010000000000005
134,234000,-60.900000000000006
135,235000,-61.22
136,236000,-61.56
137,237000,-60.83
138,238000,-61.650000000000006
139,239000,-61.16
140,240000,-61.41
141,241000,-61.58
142,242000,-61.5
143,243000,-62.2
144,244000,-63.150000000000006
145,245000,-61.510000000000005
146,246000,-61.44
147,247000,-62.22
148,248000,-60.519999999999996
149,249000,-61.879999999999995
150,250000,-62.239999999999995
151,251000,-61.629999999999995
152,252000,-62.06
153,253000,-60.91
154,254000,-61.650000000000006
155,255000,-60.55
156,256000,-62.629999999999995
157,257000,-61.66
158,258000,-61.92
159,259000,-61.260000000000005
160,260000,-62.099999999999994
161,261000,-62.290000000000006
162,262000,-60.370000000000005
163,263000,-61.769999999999996
164,264000,-60.599999999999994
165,265000,-61.209999999999994
166,266000,-61.620000000000005
167,267000,-62.22
168,268000,-60.92
169,269000,-60.989999999999995
170,270000,-62.42
171,271000,-62.239999999999995
172,272000,-61.739999999999995
173,273000,-63.099999999999994
174,274000,-61.75
175,275000,-62.36
176,276000,-61.59
177,277000,-62.019999999999996
178,278000,-61.94
179,279000,-61.36
180,280000,-62.94
181,281000,-62.56999999999999
182,282000,-62.56999999999999
183,283000,-61.870000000000005
184,284000,-61.97
185,285000,-61.150000000000006
186,286000,-63.879999999999995
187,287000,-61.980000000000004
188,288000,-63.89
189,289000,-62.61
190,290000,-61.489999999999995
191,291000,-61.739999999999995
192,292000,-59.53
193,293000,-57.269999999999996
194,294000,-55.41
195,295000,-52.78
196,296000,-51.47
197,297000,-49.32
198,298000,-48.36
199,299000,-47.77
200,300000,-47.39
201,301000,-47.64
202,302000,-48.37
203,303000,-49.57
204,304000,-51.19
205,305000,-53.16
206,306000,-54.81
207,307000,-57.620000000000005
208,308000,-60.040000000000006
209,309000,-61.53
210,310000,-62.760000000000005
211,311000,-63.540000000000006
212,312000,-64.63
213,313000,-63.44
214,314000,-63.44
215,315000,-63.650000000000006
216,316000,-62.95
217,317000,-62.480000000000004
218,318000,-63.650000000000006
219,319000,-63.86
220,320000,-63.540000000000006
221,321000,-63.239999999999995
222,322000,-63.959999999999994
223,323000,-61.7
224,324000,-61.53
225,325000,-62.120000000000005
226,326000,-62.39
227,327000,-64.52
228,328000,-63.75
229,329000,-63.86
230,330000,-64.76
231,331000,-64.29
232,332000,-62.3
233,333000,-62.95
234,334000,-64.18
235,335000,-63.86
236,336000,-64.18
237,337000,-64.63
238,338000,-63.34
239,339000,-64.4
240,340000,-64.18
241,341000,-63.75
242,342000,-63.44
243,343000,-64.52
244,344000,-63.44
245,345000,-63.650000000000006
246,346000,-63.86
247,347000,-63.86
248,348000,-65.37
249,349000,-65.5
250,350000,-65.0
251,351000,-64.07
252,352000,-62.480000000000004
253,353000,-65.89
254,354000,-64.29
255,355000,-65.5
256,356000,-65.0
257,357000,-63.86
258,358000,-65.0
259,359000,-65.12
260,360000,-65.37
261,361000,-65.12
262,362000,-64.87
263,363000,-65.24
264,364000,-65.0
265,365000,-65.5
266,366000,-64.63
267,367000,-64.52
268,368000,-66.49
269,369000,-64.29
270,370000,-66.06
271,371000,-65.0
272,372000,-65.09
273,373000,-64.85
274,374000,-64.96
275,375000,-64.85
276,376000,-65.46
277,377000,-65.33
278,378000,-64.28
279,379000,-66.72
280,380000,-65.98
281,381000,-64.38
282,382000,-65.85
283,383000,-64.38
284,384000,-65.21
285,385000,-66.87
286,386000,-66.22
287,387000,-65.59
288,388000,-64.85
289,389000,-66.15
290,390000,-65.21
291,391000,-64.28
292,392000,-65.46
293,393000,-66.87
294,394000,-66.58
295,395000,-65.85
296,396000,-65.09
297,397000,-64.73
298,398000,-65.21
299,399000,-63.43000000000001
300,400000,-63.53
301,401000,-64.28
302,402000,-64.73
303,403000,-64.96
304,404000,-63.43000000000001
305,405000,-65.59
306,406000,-65.09
307,407000,-66.22
308,408000,-65.98
309,409000,-65.85
310,410000,-64.85
311,411000,-65.85
312,412000,-66.95
313,413000,-66.44
314,414000,-66.72
315,415000,-66.15
316,416000,-64.38
317,417000,-66.3
318,418000,-66.58
319,419000,-66.72
320,420000,-65.33
321,421000,-67.02
322,422000,-65.09
323,423000,-64.73
324,424000,-65.71
325,425000,-67.25
326,426000,-65.46
327,427000,-65.71
328,428000,-67.25
329,429000,-64.73
330,430000,-65.98
331,431000,-66.58
332,432000,-65.71
333,433000,-66.15
334,434000,-66.87
335,435000,-65.85
336,436000,-67.33
337,437000,-66.08
338,438000,-65.85
339,439000,-66.15
340,440000,-66.51
341,441000,-66.72
342,442000,-65.98
343,443000,-66.51
344,444000,-66.87
345,445000,-66.44
346,446000,-66.44
347,447000,-67.64
348,448000,-66.65
349,449000,-66.87
350,450000,-66.08
351,451000,-67.25
352,452000,-67.98
353,453000,-67.73
354,454000,-64.73
355,455000,-67.49
356,456000,-65.59
357,457000,-67.49
358,458000,-66.29
359,459000,-65.33
360,460000,-65.59
361,461000,-66.37
362,462000,-65.98
363,463000,-66.87
364,464000,-66.51
365,465000,-67.17
366,466000,-66.58
367,467000,-65.71
368,468000,-66.37
369,469000,-66.65
370,470000,-64.61
371,471000,-66.65
372,472000,-68.16
373,473000,-67.17
374,474000,-68.23
375,475000,-66.15
376,476000,-67.33
377,477000,-66.65
378,478000,-66.51
379,479000,-65.59
380,480000,-65.98
381,481000,-67.81
382,482000,-67.49
383,483000,-66.87
384,484000,-67.02
385,485000,-65.59
386,486000,-67.56
387,487000,-66.58
388,488000,-67.41
389,489000,-67.64
390,490000,-67.64
391,491000,-67.41
392,492000,-65.59
393,493000,-67.17
394,494000,-68.32
395,495000,-68.68
396,496000,-65.98
397,497000,-67.1
398,498000,-67.49
399,499000,-66.44
400,500000,-66.15
401,501000,-65.84
402,502000,-68.16
403,503000,-67.17
404,504000,-67.17
405,505000,-69.26
406,506000,-67.41
407,507000,-68.16
408,508000,-66.95
409,509000,-67.98
410,510000,-67.49
411,511000,-67.49
412,512000,-67.81
413,513000,-67.17
414,514000,-66.29
415,515000,-67.33
416,516000,-68.51
417,517000,-68.23
418,518000,-67.49
419,519000,-68.97
420,520000,-68.32
421,521000,-67.73
422,522000,-67.33
423,523000,-66.44
424,524000,-68.32
425,525000,-68.78
426,526000,-66.8
427,527000,-66.72
428,528000,-66.65
429,529000,-67.81
430,530000,-68.51
431,531000,-67.64
432,532000,-67.81
433,533000,-66.87
434,534000,-67.1
435,535000,-69.16
436,536000,-67.33
437,537000,-68.87
438,538000,-67.02
439,539000,-68.51
440,540000,-67.33
441,541000,-67.73
442,542000,-66.44
443,543000,-67.81
444,544000,-67.64
445,545000,-68.16
446,546000,-67.98
447,547000,-67.64
448,548000,-66.44
449,549000,-67.33
450,550000,-68.68
451,551000,-67.98
452,552000,-68.68
453,553000,-68.87
454,554000,-68.23
455,555000,-68.51
456,556000,-67.48
457,557000,-68.15
458,558000,-68.97
459,559000,-67.02
460,560000,-68.32
461,561000,-67.48
462,562000,-68.51
463,563000,-68.68
464,564000,-66.72
465,565000,-68.51
466,566000,-68.78
467,567000,-66.95
468,568000,-67.56
469,569000,-67.81
470,570000,-68.87
471,571000,-66.72
472,572000,-65.59
473,573000,-67.98
474,574000,-68.29
475,575000,-66.33
476,576000,-66.55
477,577000,-66.4
478,578000,-67.22
479,579000,-68.48
480,580000,-67.22
481,581000,-67.53
482,582000,-66.99
483,583000,-67.37
484,584000,-66.99
485,585000,-67.22
486,586000,-67.87
487,587000,-68.38
488,588000,-68.65
489,589000,-68.04
490,590000,-68.56
491,591000,-66.77
492,592000,-68.38
493,593000,-66.99
494,594000,-67.78
495,595000,-66.69
496,596000,-67.61
497,597000,-68.56
498,598000,-67.7
499,599000,-68.29
500,600000,-68.2
501,601000,-67.29
502,602000,-68.75
503,603000,-68.29
504,604000,-65.95
505,605000,-66.69
506,606000,-67.87
507,607000,-67.78
508,608000,-67.22
509,609000,-67.78
510,610000,-67.53
511,611000,-67.22
512,612000,-67.14
513,613000,-67.37
514,614000,-67.53
515,615000,-68.65
516,616000,-67.95
517,617000,-67.37
518,618000,-68.12
519,619000,-69.62
520,620000,-68.84
521,621000,-66.69
522,622000,-68.2
523,623000,-68.29
524,624000,-67.07
525,625000,-67.14
526,626000,-67.78
527,627000,-68.29
528,628000,-68.48
529,629000,-68.65
530,630000,-69.42
531,631000,-66.4
532,632000,-67.61
533,633000,-67.78
534,634000,-68.48
535,635000,-67.61
536,636000,-68.84
537,637000,-67.61
538,638000,-67.14
539,639000,-67.37
540,640000,-69.03
541,641000,-65.68
542,642000,-67.61
543,643000,-68.23
544,644000,-66.34
545,645000,-67.55
546,646000,-67.47
547,647000,-68.32
548,648000,-68.23
549,649000,-68.59
550,650000,-67.72
551,651000,-67.31
552,652000,-68.87
553,653000,-67.89
554,654000,-67.81
555,655000,-69.36
556,656000,-68.5
557,657000,-68.87
558,658000,-68.23
559,659000,-69.36
560,660000,-68.41
561,661000,-67.07
562,662000,-69.07
563,663000,-68.14
564,664000,-67.47
565,665000,-69.77
566,666000,-67.89
567,667000,-66.92
568,668000,-67.97
569,669000,-69.26
570,670000,-68.97
571,671000,-68.59
572,672000,-67.97
573,673000,-68.06
574,674000,-69.16
575,675000,-69.07
576,676000,-68.5
577,677000,-69.26
578,678000,-66.85
579,679000,-68.59
580,680000,-68.78
581,681000,-66.62
582,682000,-67.97
583,683000,-67.55
584,684000,-68.87
585,685000,-68.06
586,686000,-66.92
587,687000,-68.06
588,688000,-68.06
589,689000,-68.41
590,690000,-67.55
591,691000,-67.23
592,692000,-69.36
593,693000,-69.36
594,694000,-67.0
595,695000,-67.39
596,696000,-69.98
597,697000,-69.16
598,698000,-68.87
599,699000,-70.09
600,700000,-68.23
601,701000,-70.09
602,702000,-67.81
603,703000,-68.59
604,704000,-70.43
605,705000,-70.09
606,706000,-69.07
607,707000,-70.2
608,708000,-68.59
609,709000,-69.16
610,710000,-69.36
611,711000,-69.19
612,712000,-69.8
613,713000,-68.81
614,714000,-66.37
615,715000,-70.34
616,716000,-69.8
617,717000,-69.49
618,718000,-70.57
619,719000,-69.19
620,720000,-69.8
621,721000,-69.39
622,722000,-69.59
623,723000,-69.49
624,724000,-70.46
625,725000,-69.19
626,726000,-68.53
627,727000,-70.24
628,728000,-67.92
629,729000,-70.46
630,730000,-69.29
631,731000,-69.0
632,732000,-69.19
633,733000,-69.49
634,734000,-68.81
635,735000,-68.0
636,736000,-68.35
637,737000,-69.59
638,738000,-69.1
639,739000,-68.62
640,740000,-69.91
641,741000,-70.46
642,742000,-69.39
643,743000,-69.59
644,744000,-69.39
645,745000,-69.29
646,746000,-70.81
647,747000,-69.8
648,748000,-69.39
649,749000,-71.17
650,750000,-70.23
651,751000,-70.12
652,752000,-68.62
653,753000,-69.19
654,754000,-70.68
655,755000,-69.49
656,756000,-67.58
657,757000,-69.59
658,758000,-69.8
659,759000,-70.34
660,760000,-70.81
661,761000,-69.19
662,762000,-71.05
663,763000,-69.39
664,764000,-70.34
665,765000,-68.09
666,766000,-70.12
667,767000,-70.81
668,768000,-69.39
669,769000,-69.7
670,770000,-69.8
671,771000,-70.81
672,772000,-70.34
673,773000,-70.12
674,774000,-70.23
675,775000,-70.23
676,776000,-69.8
677,777000,-69.39
678,778000,-69.13
679,779000,-71.58
680,780000,-70.72
681,781000,-70.49
682,782000,-70.27
683,783000,-69.13
684,784000,-71.45
685,785000,-70.95
686,786000,-70.27
687,787000,-70.37
688,788000,-71.7
689,789000,-70.15
690,790000,-70.27
691,791000,-71.58
692,792000,-68.65
693,793000,-69.94
694,794000,-70.95
695,795000,-71.45
696,796000,-70.6
697,797000,-68.56
698,798000,-70.6
699,799000,-69.22
700,800000,-69.62
701,801000,-70.95
702,802000,-70.04
703,803000,-69.52
704,804000,-70.37
705,805000,-68.65
706,806000,-71.32
707,807000,-70.72
708,808000,-70.6
709,809000,-70.49
710,810000,-70.72
711,811000,-71.2
712,812000,-70.27
713,813000,-69.62
714,814000,-70.95
715,815000,-70.04
716,816000,-71.58
717,817000,-69.62
718,818000,-69.73
719,819000,-70.6
720,820000,-70.95
721,821000,-70.27
722,822000,-68.29
723,823000,-70.04
724,824000,-71.97
725,825000,-70.95
726,826000,-70.95
727,827000,-69.94
728,828000,-69.73
729,829000,-70.37
730,830000,-71.32
731,831000,-71.08
732,832000,-71.58
733,833000,-71.7
734,834000,-70.71
735,835000,-69.94
736,836000,-70.95
737,837000,-71.45
738,838000,-69.32
739,839000,-69.32
740,840000,-70.37
741,841000,-70.27
742,842000,-70.71
743,843000,-70.95
744,844000,-70.49
745,845000,-71.58
746,846000,-70.04
747,847000,-71.42
748,848000,-71.05
749,849000,-71.94
750,850000,-70.68
751,851000,-70.68
752,852000,-71.29
753,853000,-72.68
754,854000,-69.8
755,855000,-70.81
756,856000,-70.45
757,857000,-71.29
758,858000,-71.55
759,859000,-72.54
760,860000,-69.19
761,861000,-71.17
762,862000,-69.8
763,863000,-70.68
764,864000,-70.57
765,865000,-70.45
766,866000,-71.42
767,867000,-71.17
768,868000,-69.0
769,869000,-70.92
770,870000,-72.11
771,871000,-71.94
772,872000,-71.55
773,873000,-71.42
774,874000,-69.49
775,875000,-72.83
776,876000,-71.29
777,877000,-72.68
778,878000,-72.18
779,879000,-71.94
780,880000,-70.45
781,881000,-69.91
782,882000,-69.59
783,883000,-71.42
784,884000,-70.57
785,885000,-71.42
786,886000,-71.42
787,887000,-70.81
788,888000,-69.91
789,889000,-69.39
790,890000,-72.39
791,891000,-71.67
792,892000,-70.68
793,893000,-71.29
794,894000,-71.94
795,895000,-70.92
796,896000,-71.55
797,897000,-71.17
798,898000,-70.92
799,899000,-70.92
800,900000,-72.11
801,901000,-69.7
802,902000,-71.42
803,903000,-69.8
804,904000,-72.11
805,905000,-71.67
806,906000,-70.81
807,907000,-71.05
808,908000,-70.68
809,909000,-69.8
810,910000,-71.05
811,911000,-71.8
812,912000,-71.17
813,913000,-70.68
814,914000,-70.81
815,915000,-71.17
816,916000,-70.12
817,917000,-71.17
818,918000,-71.04
819,919000,-71.67
820,920000,-71.55
821,921000,-73.13
822,922000,-71.94
823,923000,-71.94
824,924000,-71.55
825,925000,-71.17
826,926000,-71.42
827,927000,-72.39
828,928000,-71.67
829,929000,-71.42
830,930000,-70.92
831,931000,-72.54
832,932000,-72.46
833,933000,-71.04
834,934000,-71.67
835,935000,-71.55
836,936000,-72.18
837,937000,-72.68
838,938000,-72.83
839,939000,-70.92
840,940000,-71.67
841,941000,-71.94
842,942000,-73.13
843,943000,-72.54
844,944000,-71.67
845,945000,-70.68
846,946000,-72.25
847,947000,-71.42
848,948000,-71.42
849,949000,-70.92
850,950000,-71.67
851,951000,-72.68
852,952000,-72.68
853,953000,-70.45
854,954000,-71.67
855,955000,-71.29
856,956000,-72.76
857,957000,-71.04
858,958000,-72.39
859,959000,-72.11
860,960000,-71.94
861,961000,-72.11
862,962000,-72.68
863,963000,-71.67
864,964000,-71.04
865,965000,-73.44
866,966000,-73.44
867,967000,-72.25
868,968000,-71.8
869,969000,-70.01
870,970000,-71.17
871,971000,-72.46
872,972000,-71.04
873,973000,-72.46
874,974000,-72.18
875,975000,-70.12
876,976000,-70.45
877,977000,-72.98
878,978000,-72.18
879,979000,-72.76
880,980000,-71.41
881,981000,-72.39
882,982000,-71.41
883,983000,-72.53
884,984000,-71.9
885,985000,-72.72
886,986000,-71.14
887,987000,-70.42
888,988000,-71.9
889,989000,-72.65
890,990000,-73.02
891,991000,-72.95
892,992000,-71.9
893,993000,-71.38
894,994000,-68.97
895,995000,-72.08
896,996000,-72.36
897,997000,-69.88
898,998000,-71.52
899,999000,-71.38
900,1000000,-71.14
901,1001000,-70.65
902,1002000,-71.01
903,1003000,-71.14
904,1004000,-72.15
905,1005000,-71.9
906,1006000,-71.52
907,1007000,-70.89
908,1008000,-71.64
909,1009000,-71.64
910,1010000,-72.72
911,1011000,-72.65
912,1012000,-72.79
913,1013000,-71.38
914,1014000,-72.65
915,1015000,-71.26
916,1016000,-70.54
917,1017000,-72.64
918,1018000,-71.9
919,1019000,-72.43
920,1020000,-71.64
921,1021000,-71.38
922,1022000,-71.01
923,1023000,-72.43
924,1024000,-73.02
925,1025000,-71.01
926,1026000,-70.89
927,1027000,-72.36
928,1028000,-71.77
929,1029000,-71.64
930,1030000,-70.54
931,1031000,-71.9
932,1032000,-71.64
933,1033000,-71.26
934,1034000,-72.22
935,1035000,-71.38
936,1036000,-72.43
937,1037000,-72.43
938,1038000,-72.5
939,1039000,-71.9
940,1040000,-71.9
941,1041000,-72.43
942,1042000,-72.08
943,1043000,-70.42
944,1044000,-71.64
945,1045000,-72.5
946,1046000,-72.43
947,1047000,-72.15
948,1048000,-71.9
949,1049000,-72.94
950,1050000,-73.66
951,1051000,-73.34
952,1052000,-72.37
953,1053000,-72.73
954,1054000,-73.03
955,1055000,-72.65
956,1056000,-72.51
957,1057000,-72.16
958,1058000,-72.51
959,1059000,-72.73
960,1060000,-72.95
961,1061000,-72.44
962,1062000,-72.37
963,1063000,-72.73
964,1064000,-73.66
965,1065000,-71.02
966,1066000,-70.89
967,1067000,-72.23
968,1068000,-71.91
969,1069000,-72.37
970,1070000,-72.95
971,1071000,-72.51
972,1072000,-71.14
973,1073000,-74.09
974,1074000,-72.23
975,1075000,-72.95
976,1076000,-71.39
977,1077000,-72.23
978,1078000,-71.91
979,1079000,-71.91
980,1080000,-72.95
981,1081000,-71.64
982,1082000,-71.39
983,1083000,-72.44
984,1084000,-72.37
985,1085000,-73.34
986,1086000,-73.74
987,1087000,-72.16
988,1088000,-72.8
989,1089000,-72.95
990,1090000,-71.39
991,1091000,-71.39
992,1092000,-73.74
993,1093000,-72.44
994,1094000,-72.95
995,1095000,-72.65
996,1096000,-71.91
997,1097000,-73.03
998,1098000,-72.37
999,1099000,-73.42
1000,1100000,-73.34
1001,1101000,-71.64
1002,1102000,-73.42
1003,1103000,-72.8
1004,1104000,-73.66
1005,1105000,-72.51
1006,1106000,-71.91
1007,1107000,-72.8
1008,1108000,-73.1
1009,1109000,-71.64
1010,1110000,-72.23
1011,1111000,-72.08
1012,1112000,-72.51
1013,1113000,-72.73
1014,1114000,-73.34
1015,1115000,-73.58
1016,1116000,-72.73
1017,1117000,-71.91
1018,1118000,-72.65
1019,1119000,-73.34
1020,1120000,-72.23
1021,1121000,-72.51
1022,1122000,-72.8
1023,1123000,-71.64
1024,1124000,-70.89
1025,1125000,-71.64
1026,1126000,-72.37
1027,1127000,-71.91
1028,1128000,-70.21
1029,1129000,-72.73
1030,1130000,-71.64
1031,1131000,-73.26
1032,1132000,-72.65
1033,1133000,-72.08
1034,1134000,-72.23
1035,1135000,-73.34
1036,1136000,-71.26
1037,1137000,-72.65
1038,1138000,-72.65
1039,1139000,-72.44
1040,1140000,-72.44
1041,1141000,-72.8
1042,1142000,-72.65
1043,1143000,-72.95
1044,1144000,-72.23
1045,1145000,-72.95
1046,1146000,-72.15
1047,1147000,-73.66
1048,1148000,-71.02
1049,1149000,-72.8
1050,1150000,-73.42
1051,1151000,-73.74
1052,1152000,-72.73
1053,1153000,-72.8
1054,1154000,-72.73
1055,1155000,-74.25
1056,1156000,-73.74
1057,1157000,-73.1
1058,1158000,-74.09
1059,1159000,-73.74
1060,1160000,-72.8
1061,1161000,-74.25
1062,1162000,-73.34
1063,1163000,-73.1
1064,1164000,-73.03
1065,1165000,-73.91
1066,1166000,-72.08
1067,1167000,-72.8
1068,1168000,-73.74
1069,1169000,-72.65
1070,1170000,-72.73
1071,1171000,-73.34
1072,1172000,-73.91
1073,1173000,-72.8
1074,1174000,-73.26
1075,1175000,-73.57
1076,1176000,-74.09
1077,1177000,-72.23
1078,1178000,-72.37
1079,1179000,-73.34
1080,1180000,-73.03
1081,1181000,-73.03
1082,1182000,-72.8
1083,1183000,-72.37
1084,1184000,-73.57
1085,1185000,-73.03
1086,1186000,-72.15
1087,1187000,-72.95
1088,1188000,-73.57
1089,1189000,-73.26
1090,1190000,-72.65
1091,1191000,-71.39
1092,1192000,-73.42
1093,1193000,-71.52
1094,1194000,-73.03
1095,1195000,-72.8
1096,1196000,-73.26
1097,1197000,-72.95
1098,1198000,-71.91
1099,1199000,-71.78
1100,1200000,-70.89
1101,1201000,-71.64
1102,1202000,-71.52
1103,1203000,-72.51
1104,1204000,-70.78
1105,1205000,-72.44
1106,1206000,-72.73
1107,1207000,-72.44
1108,1208000,-72.73
1109,1209000,-70.78
1110,1210000,-73.74
1111,1211000,-72.44
1112,1212000,-70.66
1113,1213000,-71.78
1114,1214000,-72.95
1115,1215000,-71.91
1116,1216000,-74.44
1117,1217000,-72.65
1118,1218000,-72.44
1119,1219000,-74.71
1120,1220000,-72.95
1121,1221000,-71.64
1122,1222000,-73.91
1123,1223000,-74.44
1124,1224000,-72.51
1125,1225000,-71.91
1126,1226000,-73.26
1127,1227000,-73.91
1128,1228000,-72.51
1129,1229000,-72.95
1130,1230000,-71.91
1131,1231000,-73.26
1132,1232000,-73.34
1133,1233000,-71.39
1134,1234000,-72.51
1135,1235000,-74.09
1136,1236000,-74.09
1137,1237000,-72.51
1138,1238000,-73.34
1139,1239000,-73.91
1140,1240000,-73.1
1141,1241000,-72.51
1142,1242000,-73.57
1143,1243000,-73.66
1144,1244000,-73.34
1145,1245000,-73.42
1146,1246000,-72.95
1147,1247000,-74.61
1148,1248000,-73.42
1149,1249000,-72.22
1150,1250000,-73.03
1151,1251000,-74.19
1152,1252000,-73.68
1153,1253000,-72.37
1154,1254000,-71.85
1155,1255000,-72.97
1156,1256000,-72.97
1157,1257000,-73.04
1158,1258000,-73.6
1159,1259000,-72.59
1160,1260000,-72.89
1161,1261000,-73.6
1162,1262000,-72.59
1163,1263000,-74.93
1164,1264000,-72.97
1165,1265000,-72.74
1166,1266000,-72.59
1167,1267000,-74.28
1168,1268000,-74.38
1169,1269000,-72.97
1170,1270000,-73.68
1171,1271000,-73.27
1172,1272000,-72.97
1173,1273000,-72.3
1174,1274000,-73.35
1175,1275000,-73.85
1176,1276000,-73.19
1177,1277000,-72.67
1178,1278000,-72.3
1179,1279000,-73.51
1180,1280000,-73.51
1181,1281000,-74.74
1182,1282000,-74.28
1183,1283000,-73.51
1184,1284000,-73.27
1185,1285000,-72.37
1186,1286000,-74.28
1187,1287000,-72.59
1188,1288000,-71.46
1189,1289000,-70.83
1190,1290000,-73.19
1191,1291000,-72.74
1192,1292000,-72.02
1193,1293000,-72.3
1194,1294000,-72.3
1195,1295000,-73.19
1196,1296000,-73.19
1197,1297000,-73.04
1198,1298000,-73.35
1199,1299000,-72.97
1200,1300000,-72.16
1201,1301000,-73.04
1202,1302000,-72.37
1203,1303000,-71.32
1204,1304000,-72.37
1205,1305000,-73.51
1206,1306000,-70.59
1207,1307000,-73.51
1208,1308000,-73.35
1209,1309000,-74.19
1210,1310000,-73.85
1211,1311000,-72.67
1212,1312000,-73.94
1213,1313000,-73.94
1214,1314000,-71.85
1215,1315000,-74.02
1216,1316000,-73.94
1217,1317000,-73.41
1218,1318000,-72.95
1219,1319000,-73.26
1220,1320000,-73.34
1221,1321000,-73.66
1222,1322000,-74.71
1223,1323000,-73.91
1224,1324000,-71.52
1225,1325000,-73.03
1226,1326000,-73.91
1227,1327000,-72.65
1228,1328000,-73.74
1229,1329000,-74.08
1230,1330000,-72.8
1231,1331000,-73.34
1232,1332000,-74.08
1233,1333000,-73.1
1234,1334000,-72.95
1235,1335000,-73.66
1236,1336000,-73.1
1237,1337000,-73.41
1238,1338000,-73.26
1239,1339000,-73.74
1240,1340000,-75.8
1241,1341000,-74.0
1242,1342000,-74.0
1243,1343000,-73.91
1244,1344000,-72.65
1245,1345000,-73.41
1246,1346000,-72.73
1247,1347000,-73.74
1248,1348000,-72.15
1249,1349000,-73.34
1250,1350000,-72.51
1251,1351000,-75.19
1252,1352000,-72.44
1253,1353000,-72.44
1254,1354000,-74.8
1255,1355000,-74.25
1256,1356000,-72.15
1257,1357000,-72.36
1258,1358000,-74.25
1259,1359000,-73.66
1260,1360000,-73.74
1261,1361000,-73.91
1262,1362000,-72.36
1263,1363000,-74.0
1264,1364000,-72.22
1265,1365000,-72.36
1266,1366000,-73.74
1267,1367000,-73.66
1268,1368000,-71.39
1269,1369000,-73.74
1270,1370000,-71.91
1271,1371000,-73.74
1272,1372000,-73.74
1273,1373000,-74.44
1274,1374000,-74.08
1275,1375000,-73.57
1276,1376000,-72.65
1277,1377000,-74.44
1278,1378000,-73.33
1279,1379000,-73.66
1280,1380000,-73.41
1281,1381000,-73.33
1282,1382000,-74.25
1283,1383000,-74.0
1284,1384000,-73.91
1285,1385000,-73.66
1286,1386000,-74.61
1287,1387000,-74.71
1288,1388000,-73.03
1289,1389000,-71.14
1290,1390000,-73.41
1291,1391000,-72.65
1292,1392000,-74.25
1293,1393000,-73.57
1294,1394000,-71.39
1295,1395000,-73.26
1296,1396000,-72.8
1297,1397000,-73.57
1298,1398000,-72.73
1299,1399000,-71.91
1300,1400000,-74.0
1301,1401000,-72.36
1302,1402000,-72.73
1303,1403000,-72.65
1304,1404000,-74.0
1305,1405000,-73.03
1306,1406000,-73.74
1307,1407000,-72.15
1308,1408000,-73.91
1309,1409000,-73.91
1310,1410000,-74.34
1311,1411000,-74.8
1312,1412000,-74.34
1313,1413000,-73.03
1314,1414000,-73.41
1315,1415000,-72.95
1316,1416000,-74.61
1317,1417000,-75.58
1318,1418000,-74.44
1319,1419000,-73.57
1320,1420000,-74.25
1321,1421000,-73.26
1322,1422000,-72.8
1323,1423000,-73.57
1324,1424000,-74.0
1325,1425000,-74.61
1326,1426000,-74.44
1327,1427000,-72.08
1328,1428000,-73.41
1329,1429000,-73.74
1330,1430000,-73.33
1331,1431000,-72.95
1332,1432000,-74.25
1333,1433000,-73.74
1334,1434000,-74.71
1335,1435000,-74.08
1336,1436000,-72.73
1337,1437000,-74.08
1338,1438000,-72.36
1339,1439000,-73.03
1340,1440000,-73.66
1341,1441000,-74.08
1342,1442000,-73.1
1343,1443000,-73.03
1344,1444000,-74.61
1345,1445000,-74.71
1346,1446000,-73.57
1347,1447000,-73.74
1348,1448000,-74.0
1349,1449000,-71.87
1350,1450000,-74.22
1351,1451000,-74.31
1352,1452000,-72.77
1353,1453000,-75.16
1354,1454000,-73.07
1355,1455000,-74.31
1356,1456000,-72.77
1357,1457000,-74.41
1358,1458000,-72.99
1359,1459000,-74.96
1360,1460000,-73.07
1361,1461000,-71.74
1362,1462000,-75.06
1363,1463000,-74.22
1364,1464000,-75.06
1365,1465000,-73.63
1366,1466000,-73.22
1367,1467000,-75.16
1368,1468000,-74.31
1369,1469000,-73.63
1370,1470000,-74.41
1371,1471000,-73.88
1372,1472000,-74.31
1373,1473000,-74.77
1374,1474000,-74.68
1375,1475000,-74.58
1376,1476000,-73.54
1377,1477000,-73.88
1378,1478000,-73.71
1379,1479000,-75.35
1380,1480000,-74.31
1381,1481000,-73.22
1382,1482000,-74.58
1383,1483000,-72.69
1384,1484000,-74.31
1385,1485000,-73.63
1386,1486000,-74.41
1387,1487000,-74.41
1388,1488000,-75.46
1389,1489000,-75.46
1390,1490000,-73.71
1391,1491000,-74.58
1392,1492000,-74.22
1393,1493000,-74.31
1394,1494000,-74.77
1395,1495000,-73.63
1396,1496000,-73.54
1397,1497000,-72.62
1398,1498000,-73.63
1399,1499000,-72.12
1400,1500000,-73.06
1401,1501000,-72.05
1402,1502000,-72.47
1403,1503000,-73.54
1404,1504000,-74.05
1405,1505000,-73.63
1406,1506000,-74.58
1407,1507000,-73.96
1408,1508000,-73.71
1409,1509000,-74.05
1410,1510000,-74.41
1411,1511000,-74.41
1412,1512000,-72.91
1413,1513000,-73.63
1414,1514000,-75.76
1415,1515000,-74.34
1416,1516000,-73.91
1417,1517000,-75.38
1418,1518000,-74.0
1419,1519000,-74.61
1420,1520000,-75.19
1421,1521000,-73.91
1422,1522000,-74.71
1423,1523000,-74.8
1424,1524000,-74.25
1425,1525000,-73.66
1426,1526000,-73.57
1427,1527000,-74.25
1428,1528000,-75.49
1429,1529000,-73.91
1430,1530000,-74.38
1431,1531000,-73.52
1432,1532000,-73.61
1433,1533000,-71.85
1434,1534000,-73.52
1435,1535000,-74.2
1436,1536000,-74.03
1437,1537000,-72.17
1438,1538000,-74.66
1439,1539000,-73.52
1440,1540000,-74.74
1441,1541000,-74.29
1442,1542000,-74.2
1443,1543000,-74.38
1444,1544000,-72.89
1445,1545000,-75.43
1446,1546000,-73.85
1447,1547000,-72.03
1448,1548000,-75.33
1449,1549000,-73.28
1450,1550000,-74.03
1451,1551000,-73.52
1452,1552000,-72.97
1453,1553000,-73.94
1454,1554000,-74.29
1455,1555000,-73.04
1456,1556000,-74.56
1457,1557000,-72.89
1458,1558000,-72.67
1459,1559000,-74.03
1460,1560000,-74.66
1461,1561000,-73.61
1462,1562000,-74.66
1463,1563000,-73.69
1464,1564000,-72.97
1465,1565000,-73.2
1466,1566000,-73.2
1467,1567000,-72.89
1468,1568000,-74.29
1469,1569000,-73.28
1470,1570000,-73.61
1471,1571000,-73.85
1472,1572000,-74.56
1473,1573000,-73.04
1474,1574000,-73.2
1475,1575000,-72.45
1476,1576000,-73.69
1477,1577000,-73.85
1478,1578000,-72.89
1479,1579000,-72.97
1480,1580000,-73.94
1481,1581000,-74.2
1482,1582000,-72.94
1483,1583000,-73.91
1484,1584000,-74.17
1485,1585000,-72.94
1486,1586000,-73.58
1487,1587000,-72.86
1488,1588000,-73.17
1489,1589000,-73.33
1490,1590000,-73.25
1491,1591000,-73.65
1492,1592000,-73.33
1493,1593000,-73.25
1494,1594000,-71.56
1495,1595000,-72.86
1496,1596000,-74.0
1497,1597000,-72.42
1498,1598000,-74.25
1499,1599000,-72.07
1500,1600000,-72.71
1501,1601000,-72.64
1502,1602000,-73.25
1503,1603000,-72.56
1504,1604000,-72.71
1505,1605000,-74.53
1506,1606000,-75.0
1507,1607000,-74.62
1508,1608000,-73.65
1509,1609000,-73.25
1510,1610000,-75.1
1511,1611000,-74.71
1512,1612000,-73.01
1513,1613000,-73.65
1514,1614000,-74.35
1515,1615000,-74.17
1516,1616000,-73.65
1517,1617000,-74.62
1518,1618000,-73.25
1519,1619000,-74.17
1520,1620000,-74.0
1521,1621000,-72.35
1522,1622000,-74.35
1523,1623000,-74.71
1524,1624000,-74.25
1525,1625000,-73.17
1526,1626000,-72.56
1527,1627000,-73.82
1528,1628000,-74.53
1529,1629000,-72.94
1530,1630000,-74.35
1531,1631000,-72.86
1532,1632000,-73.65
1533,1633000,-73.58
1534,1634000,-74.71
1535,1635000,-74.53
1536,1636000,-72.71
1537,1637000,-71.56
1538,1638000,-72.07
1539,1639000,-73.25
1540,1640000,-74.62
1541,1641000,-74.53
1542,1642000,-73.17
1543,1643000,-73.33
1544,1644000,-74.53
1545,1645000,-73.01
1546,1646000,-71.82
1547,1647000,-73.33
1548,1648000,-75.0
1549,1649000,-74.62
1550,1650000,-75.1
1551,1651000,-73.57
1552,1652000,-74.0
1553,1653000,-74.35
1554,1654000,-72.42
1555,1655000,-73.65
1556,1656000,-73.01
1557,1657000,-71.3
1558,1658000,-75.1
1559,1659000,-73.01
1560,1660000,-74.35
1561,1661000,-74.91
1562,1662000,-73.91
1563,1663000,-73.91
1564,1664000,-73.01
1565,1665000,-72.94
1566,1666000,-73.49
1567,1667000,-74.71
1568,1668000,-74.0
1569,1669000,-74.91
1570,1670000,-73.25
1571,1671000,-73.82
1572,1672000,-74.0
1573,1673000,-73.25
1574,1674000,-73.49
1575,1675000,-74.53
1576,1676000,-71.69
1577,1677000,-73.25
1578,1678000,-74.17
1579,1679000,-72.71
1580,1680000,-73.57
1581,1681000,-73.49
1582,1682000,-74.71
1583,1683000,-74.25
1584,1684000,-74.71
1585,1685000,-74.91
1586,1686000,-72.42
1587,1687000,-74.25
1588,1688000,-74.71
1589,1689000,-75.29
1590,1690000,-75.5
1591,1691000,-74.53
1592,1692000,-73.57
1593,1693000,-74.17
1594,1694000,-74.91
1595,1695000,-73.57
1596,1696000,-72.86
1597,1697000,-74.17
1598,1698000,-72.0
1599,1699000,-72.07
1600,1700000,-69.58
1601,1701000,-71.3
1602,1702000,-73.01
1603,1703000,-73.25
1604,1704000,-73.17
1605,1705000,-73.57
1606,1706000,-72.71
1607,1707000,-72.71
1608,1708000,-75.4
1609,1709000,-73.82
1610,1710000,-74.28
1611,1711000,-75.11
1612,1712000,-73.6
1613,1713000,-73.44
1614,1714000,-73.68
1615,1715000,-73.76
1616,1716000,-73.28
1617,1717000,-72.75
1618,1718000,-74.61
1619,1719000,-74.61
1620,1720000,-72.22
1621,1721000,-74.33
1622,1722000,-73.99
1623,1723000,-73.73
1624,1724000,-74.61
1625,1725000,-73.57
1626,1726000,-75.08
1627,1727000,-75.08
1628,1728000,-75.08
1629,1729000,-74.43
1630,1730000,-74.7
1631,1731000,-72.43
1632,1732000,-74.79
1633,1733000,-74.7
1634,1734000,-74.33
1635,1735000,-74.61
1636,1736000,-74.43
1637,1737000,-73.41
1638,1738000,-73.9
1639,1739000,-73.9
1640,1740000,-74.43
1641,1741000,-74.24
1642,1742000,-73.65
1643,1743000,-74.61
1644,1744000,-74.7
1645,1745000,-73.25
1646,1746000,-73.57
1647,1747000,-74.43
1648,1748000,-73.09
1649,1749000,-74.43
1650,1750000,-73.9
1651,1751000,-72.43
1652,1752000,-73.99
1653,1753000,-74.79
1654,1754000,-75.08
1655,1755000,-73.09
1656,1756000,-74.7
1657,1757000,-74.43
1658,1758000,-73.65
1659,1759000,-74.61
1660,1760000,-74.7
1661,1761000,-74.79
1662,1762000,-74.98
1663,1763000,-74.08
1664,1764000,-74.08
1665,1765000,-73.65
1666,1766000,-73.73
1667,1767000,-75.58
1668,1768000,-73.99
1669,1769000,-72.79
1670,1770000,-73.65
1671,1771000,-74.33
1672,1772000,-72.94
1673,1773000,-74.79
1674,1774000,-74.24
1675,1775000,-73.65
1676,1776000,-74.79
1677,1777000,-74.33
1678,1778000,-74.7
1679,1779000,-74.33
1680,1780000,-74.7
1681,1781000,-76.0
1682,1782000,-74.61
1683,1783000,-74.43
1684,1784000,-73.56
1685,1785000,-74.7
1686,1786000,-74.98
1687,1787000,-72.07
1688,1788000,-75.08
1689,1789000,-74.33
1690,1790000,-74.24
1691,1791000,-73.73
1692,1792000,-73.02
1693,1793000,-74.7
1694,1794000,-73.9
1695,1795000,-73.99
1696,1796000,-73.65
1697,1797000,-71.38
1698,1798000,-72.94
1699,1799000,-73.09
1700,1800000,-73.41
1701,1801000,-72.79
1702,1802000,-73.25
1703,1803000,-73.56
1704,1804000,-74.7
1705,1805000,-74.24
1706,1806000,-74.61
1707,1807000,-73.99
1708,1808000,-73.09
1709,1809000,-75.37
1710,1810000,-74.08
1711,1811000,-74.98
1712,1812000,-74.24
1713,1813000,-74.08
1714,1814000,-73.65
1715,1815000,-75.79
1716,1816000,-73.73
1717,1817000,-73.73
1718,1818000,-73.65
1719,1819000,-75.58
1720,1820000,-75.08
1721,1821000,-74.43
1722,1822000,-74.24
1723,1823000,-74.08
1724,1824000,-75.37
1725,1825000,-75.58
1726,1826000,-74.7
1727,1827000,-74.24
1728,1828000,-72.5
1729,1829000,-73.25
1730,1830000,-73.99
1731,1831000,-74.98
1732,1832000,-75.08
1733,1833000,-74.61
1734,1834000,-74.7
1735,1835000,-75.48
1736,1836000,-74.79
1737,1837000,-73.9
1738,1838000,-73.99
1739,1839000,-75.37
1740,1840000,-73.25
1741,1841000,-73.25
1742,1842000,-74.61
1743,1843000,-74.24
1744,1844000,-72.14
1745,1845000,-74.08
1746,1846000,-73.41
1747,1847000,-75.18
1748,1848000,-74.98
1749,1849000,-74.98
1750,1850000,-73.99
1751,1851000,-73.41
1752,1852000,-74.24
1753,1853000,-74.08
1754,1854000,-73.56
1755,1855000,-74.08
1756,1856000,-74.6
1757,1857000,-75.89
1758,1858000,-76.22
1759,1859000,-73.73
1760,1860000,-75.58
1761,1861000,-74.43
1762,1862000,-74.08
1763,1863000,-74.79
1764,1864000,-74.43
1765,1865000,-75.18
1766,1866000,-73.99
1767,1867000,-73.56
1768,1868000,-74.6
1769,1869000,-74.79
1770,1870000,-73.99
1771,1871000,-71.13
1772,1872000,-72.36
1773,1873000,-73.9
1774,1874000,-74.7
1775,1875000,-75.08
1776,1876000,-73.25
1777,1877000,-73.33
1778,1878000,-75.57
1779,1879000,-74.33
1780,1880000,-75.48
1781,1881000,-73.99
1782,1882000,-74.7
1783,1883000,-75.08
1784,1884000,-73.02
1785,1885000,-74.79
1786,1886000,-74.79
1787,1887000,-74.6
1788,1888000,-73.41
1789,1889000,-73.9
1790,1890000,-74.7
1791,1891000,-74.98
1792,1892000,-74.33
1793,1893000,-74.43
1794,1894000,-72.72
1795,1895000,-73.99
1796,1896000,-73.73
1797,1897000,-72.72
1798,1898000,-73.09
1799,1899000,-72.07
1800,1900000,-73.33
1801,1901000,-73.99
1802,1902000,-72.5
1803,1903000,-74.08
1804,1904000,-74.6
1805,1905000,-72.72
1806,1906000,-74.33
1807,1907000,-74.24
1808,1908000,-74.43
1809,1909000,-73.9
1810,1910000,-74.43
1811,1911000,-73.02
1812,1912000,-74.6
1813,1913000,-74.79
1814,1914000,-73.65
1815,1915000,-74.08
1816,1916000,-74.33
1817,1917000,-73.56
1818,1918000,-73.33
1819,1919000,-74.95
1820,1920000,-72.99
1821,1921000,-74.76
1822,1922000,-75.34
1823,1923000,-75.34
1824,1924000,-73.87
1825,1925000,-73.38
1826,1926000,-74.76
1827,1927000,-75.15
1828,1928000,-74.58
1829,1929000,-73.96
1830,1930000,-74.21
1831,1931000,-71.35
1832,1932000,-74.21
1833,1933000,-75.05
1834,1934000,-75.05
1835,1935000,-74.95
1836,1936000,-73.62
1837,1937000,-74.4
1838,1938000,-74.05
1839,1939000,-74.57
1840,1940000,-75.97
1841,1941000,-75.05
1842,1942000,-74.67
1843,1943000,-75.15
1844,1944000,-75.15
1845,1945000,-75.86
1846,1946000,-74.4
1847,1947000,-74.05
1848,1948000,-74.3
1849,1949000,-72.99
1850,1950000,-75.39
1851,1951000,-73.32
1852,1952000,-74.34
1853,1953000,-75.29
1854,1954000,-74.9
1855,1955000,-74.7
1856,1956000,-72.63
1857,1957000,-74.24
1858,1958000,-72.63
1859,1959000,-73.24
1860,1960000,-75.39
1861,1961000,-73.9
1862,1962000,-75.49
1863,1963000,-74.62
1864,1964000,-75.29
1865,1965000,-74.7
1866,1966000,-75.91
1867,1967000,-75.81
1868,1968000,-73.16
1869,1969000,-73.0
1870,1970000,-73.16
1871,1971000,-75.81
1872,1972000,-73.99
1873,1973000,-75.29
1874,1974000,-74.7
1875,1975000,-74.61
1876,1976000,-75.49
1877,1977000,-74.61
1878,1978000,-74.99
1879,1979000,-75.09
1880,1980000,-75.49
1881,1981000,-74.7
1882,1982000,-75.39
1883,1983000,-75.39
1884,1984000,-75.12
1885,1985000,-75.31
1886,1986000,-75.12
1887,1987000,-74.93
1888,1988000,-75.42
1889,1989000,-74.55
1890,1990000,-74.37
1891,1991000,-75.31
1892,1992000,-74.64
1893,1993000,-74.27
1894,1994000,-74.19
1895,1995000,-74.19
1896,1996000,-74.37
1897,1997000,-73.51
1898,1998000,-72.44
1899,1999000,-73.51
1900,2000000,-73.51
1901,2001000,-73.03
1902,2002000,-72.44
1903,2003000,-74.19
1904,2004000,-70.71
1905,2005000,-75.52
1906,2006000,-74.37
1907,2007000,-75.31
1908,2008000,-75.02
1909,2009000,-74.19
1910,2010000,-74.64
1911,2011000,-73.51
1912,2012000,-75.02
1913,2013000,-75.02
1914,2014000,-74.64
1915,2015000,-76.16
1916,2016000,-74.55
1917,2017000,-74.73
1918,2018000,-75.02
1919,2019000,-73.67
1920,2020000,-75.52
1921,2021000,-74.64
1922,2022000,-72.02
1923,2023000,-75.02
1924,2024000,-74.64
1925,2025000,-76.16
1926,2026000,-75.12
1927,2027000,-75.42
1928,2028000,-74.55
1929,2029000,-73.51
1930,2030000,-74.19
1931,2031000,-74.37
1932,2032000,-75.52
1933,2033000,-75.73
1934,2034000,-73.67
1935,2035000,-74.55
1936,2036000,-72.3
1937,2037000,-75.83
1938,2038000,-73.51
1939,2039000,-73.84
1940,2040000,-75.42
1941,2041000,-76.27
1942,2042000,-75.52
1943,2043000,-77.22
1944,2044000,-74.19
1945,2045000,-74.64
1946,2046000,-74.93
1947,2047000,-75.42
1948,2048000,-74.64
1949,2049000,-74.93
1950,2050000,-74.67
1951,2051000,-75.15
1952,2052000,-74.76
1953,2053000,-74.58
1954,2054000,-75.45
1955,2055000,-74.76
1956,2056000,-75.34
1957,2057000,-75.05
1958,2058000,-73.87
1959,2059000,-75.05
1960,2060000,-74.05
1961,2061000,-74.58
1962,2062000,-73.62
1963,2063000,-75.05
1964,2064000,-73.87
1965,2065000,-74.96
1966,2066000,-73.96
1967,2067000,-76.19
1968,2068000,-75.55
1969,2069000,-75.45
1970,2070000,-74.96
1971,2071000,-74.22
1972,2072000,-74.67
1973,2073000,-73.96
1974,2074000,-75.15
1975,2075000,-74.67
1976,2076000,-74.67
1977,2077000,-74.67
1978,2078000,-74.96
1979,2079000,-75.86
1980,2080000,-72.69
1981,2081000,-74.58
1982,2082000,-74.4
1983,2083000,-72.99
1984,2084000,-74.96
1985,2085000,-74.58
1986,2086000,-74.22
1987,2087000,-73.87
1988,2088000,-75.05
1989,2089000,-73.87
1990,2090000,-74.05
1991,2091000,-73.96
1992,2092000,-74.76
1993,2093000,-75.05
1994,2094000,-74.4
1995,2095000,-72.91
1996,2096000,-73.87
1997,2097000,-74.67
1998,2098000,-72.61
1999,2099000,-73.06
2000,2100000,-74.4
2001,2101000,-73.54
2002,2102000,-73.96
2003,2103000,-74.05
2004,2104000,-73.87
2005,2105000,-75.15
2006,2106000,-73.87
2007,2107000,-75.15
2008,2108000,-74.76
2009,2109000,-73.7
2010,2110000,-75.86
2011,2111000,-75.15
2012,2112000,-75.76
2013,2113000,-75.76
2014,2114000,-74.05
2015,2115000,-74.96
2016,2116000,-74.96
2017,2117000,-76.19
2018,2118000,-74.05
2019,2119000,-75.97
2020,2120000,-74.67
2021,2121000,-76.19
2022,2122000,-74.96
2023,2123000,-74.22
2024,2124000,-74.4
2025,2125000,-74.67
2026,2126000,-74.96
2027,2127000,-74.58
2028,2128000,-74.96
2029,2129000,-74.4
2030,2130000,-73.22
2031,2131000,-75.97
2032,2132000,-74.76
2033,2133000,-74.58
2034,2134000,-74.96
2035,2135000,-75.15
2036,2136000,-75.34
2037,2137000,-75.45
2038,2138000,-75.15
2039,2139000,-74.05
2040,2140000,-75.45
2041,2141000,-75.34
2042,2142000,-76.64
2043,2143000,-75.34
2044,2144000,-74.76
2045,2145000,-74.67
2046,2146000,-74.76
2047,2147000,-75.86
2048,2148000,-74.58
2049,2149000,-75.15
2050,2150000,-75.55
2051,2151000,-75.05
2052,2152000,-74.76
2053,2153000,-76.41
2054,2154000,-73.96
2055,2155000,-74.96
2056,2156000,-74.4
2057,2157000,-75.34
2058,2158000,-74.58
2059,2159000,-74.58
2060,2160000,-74.96
2061,2161000,-75.05
2062,2162000,-75.15
2063,2163000,-73.06
2064,2164000,-75.05
2065,2165000,-74.21
2066,2166000,-76.3
2067,2167000,-73.62
2068,2168000,-73.54
2069,2169000,-74.58
2070,2170000,-74.21
2071,2171000,-73.96
2072,2172000,-74.58
2073,2173000,-73.22
2074,2174000,-74.76
2075,2175000,-74.96
2076,2176000,-74.96
2077,2177000,-75.97
2078,2178000,-75.76
2079,2179000,-74.96
2080,2180000,-75.97
2081,2181000,-73.7
2082,2182000,-73.3
2083,2183000,-75.34
2084,2184000,-73.87
2085,2185000,-76.64
2086,2186000,-75.05
2087,2187000,-75.55
2088,2188000,-75.45
2089,2189000,-71.74
2090,2190000,-74.4
2091,2191000,-75.34
2092,2192000,-74.21
2093,2193000,-75.55
2094,2194000,-74.4
2095,2195000,-74.05
2096,2196000,-75.05
2097,2197000,-73.7
2098,2198000,-73.3
2099,2199000,-71.74
2100,2200000,-74.63
2101,2201000,-73.12
2102,2202000,-74.73
2103,2203000,-73.12
2104,2204000,-72.67
2105,2205000,-73.59
2106,2206000,-75.01
2107,2207000,-75.01
2108,2208000,-75.51
2109,2209000,-74.27
2110,2210000,-74.73
2111,2211000,-76.35
2112,2212000,-73.76
2113,2213000,-75.6
2114,2214000,-73.59
2115,2215000,-74.82
2116,2216000,-73.93
2117,2217000,-74.82
2118,2218000,-75.4
2119,2219000,-73.68
2120,2220000,-76.25
2121,2221000,-73.12
2122,2222000,-75.6
2123,2223000,-75.51
2124,2224000,-73.27
2125,2225000,-76.47
2126,2226000,-73.68
2127,2227000,-73.93
2128,2228000,-73.43
2129,2229000,-75.92
2130,2230000,-75.4
2131,2231000,-76.25
2132,2232000,-75.11
2133,2233000,-74.73
2134,2234000,-75.6
2135,2235000,-75.01
2136,2236000,-75.51
2137,2237000,-75.21
2138,2238000,-73.93
2139,2239000,-74.73
2140,2240000,-76.82
2141,2241000,-74.73
2142,2242000,-74.1
2143,2243000,-74.02
2144,2244000,-75.01
2145,2245000,-75.51
2146,2246000,-74.27
2147,2247000,-75.51
2148,2248000,-74.57
2149,2249000,-75.15
2150,2250000,-74.21
2151,2251000,-74.57
2152,2252000,-74.76
2153,2253000,-74.3
2154,2254000,-73.87
2155,2255000,-74.76
2156,2256000,-75.86
2157,2257000,-74.57
2158,2258000,-75.05
2159,2259000,-75.97
2160,2260000,-73.29
2161,2261000,-75.75
2162,2262000,-74.04
2163,2263000,-73.7
2164,2264000,-75.97
2165,2265000,-74.57
2166,2266000,-74.67
2167,2267000,-74.4
2168,2268000,-75.45
2169,2269000,-75.34
2170,2270000,-75.15
2171,2271000,-72.98
2172,2272000,-75.54
2173,2273000,-73.95
2174,2274000,-75.86
2175,2275000,-75.05
2176,2276000,-75.45
2177,2277000,-75.34
2178,2278000,-76.29
2179,2279000,-74.4
2180,2280000,-75.97
2181,2281000,-75.45
2182,2282000,-74.67
2183,2283000,-74.67
2184,2284000,-74.67
2185,2285000,-73.95
2186,2286000,-75.05
2187,2287000,-74.76
2188,2288000,-74.95
2189,2289000,-75.54
2190,2290000,-75.15
2191,2291000,-74.67
2192,2292000,-74.21
2193,2293000,-74.3
2194,2294000,-73.37
2195,2295000,-73.62
2196,2296000,-74.67
2197,2297000,-73.95
2198,2298000,-73.7
2199,2299000,-74.21
2200,2300000,-73.7
2201,2301000,-72.76
2202,2302000,-71.22
2203,2303000,-73.29
2204,2304000,-72.98
2205,2305000,-74.04
2206,2306000,-75.45
2207,2307000,-73.06
2208,2308000,-75.75
2209,2309000,-74.4
2210,2310000,-74.95
2211,2311000,-73.95
2212,2312000,-74.76
2213,2313000,-74.21
2214,2314000,-74.57
2215,2315000,-75.34
2216,2316000,-74.07
2217,2317000,-75.99
2218,2318000,-74.79
2219,2319000,-74.07
2220,2320000,-72.71
2221,2321000,-75.17
2222,2322000,-74.07
2223,2323000,-75.37
2224,2324000,-73.73
2225,2325000,-75.89
2226,2326000,-75.08
2227,2327000,-75.57
2228,2328000,-74.24
2229,2329000,-74.7
2230,2330000,-73.98
2231,2331000,-74.98
2232,2332000,-73.98
2233,2333000,-74.33
2234,2334000,-75.17
2235,2335000,-75.17
2236,2336000,-75.78
2237,2337000,-74.7
2238,2338000,-75.08
2239,2339000,-74.79
2240,2340000,-75.08
2241,2341000,-75.89
2242,2342000,-74.42
2243,2343000,-73.01
2244,2344000,-74.33
2245,2345000,-75.89
2246,2346000,-73.9
2247,2347000,-73.65
2248,2348000,-75.37
2249,2349000,-74.79
2250,2350000,-75.89
2251,2351000,-75.47
2252,2352000,-75.08
2253,2353000,-74.98
2254,2354000,-75.17
2255,2355000,-74.98
2256,2356000,-73.32
2257,2357000,-75.47
2258,2358000,-75.37
2259,2359000,-75.37
2260,2360000,-74.18
2261,2361000,-75.83
2262,2362000,-75.02
2263,2363000,-74.92
2264,2364000,-74.37
2265,2365000,-74.54
2266,2366000,-75.51
2267,2367000,-76.16
2268,2368000,-75.12
2269,2369000,-74.02
2270,2370000,-73.93
2271,2371000,-76.16
2272,2372000,-76.16
2273,2373000,-76.26
2274,2374000,-75.42
2275,2375000,-74.54
2276,2376000,-75.31
2277,2377000,-75.02
2278,2378000,-75.12
2279,2379000,-75.42
2280,2380000,-75.94
2281,2381000,-74.18
2282,2382000,-76.26
2283,2383000,-76.26
2284,2384000,-75.12
2285,2385000,-75.42
2286,2386000,-74.92
2287,2387000,-73.03
2288,2388000,-74.73
2289,2389000,-76.26
2290,2390000,-75.31
2291,2391000,-74.73
2292,2392000,-74.64
2293,2393000,-74.54
2294,2394000,-75.31
2295,2395000,-74.18
2296,2396000,-73.84
2297,2397000,-72.58
2298,2398000,-73.59
2299,2399000,-73.19
2300,2400000,-74.54
2301,2401000,-74.27
2302,2402000,-73.84
2303,2403000,-73.67
2304,2404000,-74.54
2305,2405000,-74.73
2306,2406000,-74.64
2307,2407000,-74.73
2308,2408000,-75.83
2309,2409000,-73.19
2310,2410000,-75.31
2311,2411000,-74.54
2312,2412000,-74.92
2313,2413000,-74.73
2314,2414000,-75.73
2315,2415000,-75.73
2316,2416000,-74.92
2317,2417000,-75.12
2318,2418000,-74.73
2319,2419000,-74.92
2320,2420000,-75.31
2321,2421000,-74.18
2322,2422000,-75.94
2323,2423000,-75.51
2324,2424000,-75.51
2325,2425000,-76.16
2326,2426000,-75.31
2327,2427000,-76.16
2328,2428000,-75.02
2329,2429000,-73.93
2330,2430000,-74.18
2331,2431000,-75.83
2332,2432000,-75.12
2333,2433000,-77.09
2334,2434000,-75.31
2335,2435000,-76.38
2336,2436000,-75.51
2337,2437000,-75.31
2338,2438000,-74.01
2339,2439000,-75.51
2340,2440000,-75.31
2341,2441000,-75.02
2342,2442000,-73.19
2343,2443000,-74.92
2344,2444000,-74.92
2345,2445000,-74.92
2346,2446000,-76.26
2347,2447000,-76.61
2348,2448000,-75.12
2349,2449000,-74.64
2350,2450000,-75.36
2351,2451000,-74.87
2352,2452000,-76.1
2353,2453000,-74.13
2354,2454000,-74.31
2355,2455000,-74.87
2356,2456000,-74.13
2357,2457000,-75.46
2358,2458000,-75.78
2359,2459000,-76.21
2360,2460000,-74.13
2361,2461000,-74.97
2362,2462000,-75.26
2363,2463000,-75.06
2364,2464000,-74.97
2365,2465000,-74.22
2366,2466000,-75.46
2367,2467000,-74.13
2368,2468000,-74.59
2369,2469000,-75.26
2370,2470000,-75.46
2371,2471000,-75.36
2372,2472000,-75.26
2373,2473000,-75.36
2374,2474000,-74.59
2375,2475000,-75.26
2376,2476000,-75.46
2377,2477000,-74.68
2378,2478000,-75.36
2379,2479000,-74.59
2380,2480000,-75.36
2381,2481000,-73.78
2382,2482000,-75.26
2383,2483000,-76.1
2384,2484000,-75.78
2385,2485000,-74.49
2386,2486000,-75.06
2387,2487000,-74.97
2388,2488000,-75.46
2389,2489000,-75.88
2390,2490000,-75.78
2391,2491000,-75.26
2392,2492000,-74.13
2393,2493000,-74.87
2394,2494000,-73.13
2395,2495000,-73.87
2396,2496000,-73.78
2397,2497000,-73.21
2398,2498000,-73.54
2399,2499000,-71.52
2400,2500000,-73.21
2401,2501000,-72.24
2402,2502000,-75.06
2403,2503000,-73.45
2404,2504000,-74.49
2405,2505000,-71.78
2406,2506000,-74.87
2407,2507000,-74.31
2408,2508000,-74.13
2409,2509000,-74.87
2410,2510000,-76.68
2411,2511000,-75.06
2412,2512000,-75.36
2413,2513000,-75.06
2414,2514000,-74.67
2415,2515000,-75.67
2416,2516000,-74.97
2417,2517000,-73.96
2418,2518000,-75.46
2419,2519000,-74.49
2420,2520000,-75.46
2421,2521000,-75.06
2422,2522000,-73.78
2423,2523000,-74.22
2424,2524000,-75.06
2425,2525000,-75.26
2426,2526000,-73.78
2427,2527000,-74.67
2428,2528000,-75.36
2429,2529000,-75.46
2430,2530000,-73.45
2431,2531000,-73.21
2432,2532000,-73.62
2433,2533000,-75.78
2434,2534000,-75.26
2435,2535000,-76.32
2436,2536000,-74.87
2437,2537000,-75.46
2438,2538000,-74.97
2439,2539000,-75.26
2440,2540000,-74.49
2441,2541000,-75.36
2442,2542000,-72.6
2443,2543000,-73.62
2444,2544000,-73.87
2445,2545000,-75.67
2446,2546000,-74.49
2447,2547000,-74.31
2448,2548000,-74.67
2449,2549000,-75.26
2450,2550000,-74.97
2451,2551000,-76.1
2452,2552000,-75.88
2453,2553000,-76.55
2454,2554000,-73.96
2455,2555000,-75.78
2456,2556000,-74.31
2457,2557000,-75.36
2458,2558000,-74.31
2459,2559000,-75.36
2460,2560000,-76.32
2461,2561000,-75.67
2462,2562000,-75.67
2463,2563000,-75.88
2464,2564000,-75.67
2465,2565000,-74.49
2466,2566000,-75.88
2467,2567000,-75.46
2468,2568000,-76.1
2469,2569000,-76.32
2470,2570000,-74.87
2471,2571000,-74.87
2472,2572000,-75.46
2473,2573000,-74.97
2474,2574000,-76.32
2475,2575000,-74.67
2476,2576000,-74.67
2477,2577000,-76.1
2478,2578000,-74.59
2479,2579000,-75.88
2480,2580000,-73.45
2481,2581000,-74.67
2482,2582000,-75.78
2483,2583000,-75.26
2484,2584000,-76.32
2485,2585000,-74.67
2486,2586000,-75.85
2487,2587000,-73.51
2488,2588000,-74.28
2489,2589000,-75.03
2490,2590000,-75.85
2491,2591000,-75.43
2492,2592000,-75.23
2493,2593000,-75.23
2494,2594000,-74.28
2495,2595000,-74.19
2496,2596000,-72.87
2497,2597000,-74.19
2498,2598000,-74.84
2499,2599000,-73.1
2500,2600000,-74.64
2501,2601000,-73.26
2502,2602000,-74.84
2503,2603000,-74.64
2504,2604000,-72.35
2505,2605000,-75.03
2506,2606000,-74.84
2507,2607000,-76.07
2508,2608000,-73.84
2509,2609000,-75.75
2510,2610000,-75.33
2511,2611000,-74.84
2512,2612000,-77.01
2513,2613000,-74.84
2514,2614000,-75.75
2515,2615000,-73.84
2516,2616000,-76.52
2517,2617000,-75.33
2518,2618000,-75.33
2519,2619000,-74.94
2520,2620000,-74.1
2521,2621000,-74.56
2522,2622000,-75.33
2523,2623000,-77.01
2524,2624000,-75.33
2525,2625000,-74.19
2526,2626000,-75.23
2527,2627000,-74.19
2528,2628000,-74.1
2529,2629000,-74.28
2530,2630000,-76.18
2531,2631000,-74.28
2532,2632000,-74.94
2533,2633000,-74.94
2534,2634000,-74.46
2535,2635000,-73.75
2536,2636000,-74.64
2537,2637000,-75.43
2538,2638000,-73.84
2539,2639000,-75.85
2540,2640000,-73.26
2541,2641000,-75.23
2542,2642000,-75.33
2543,2643000,-75.43
2544,2644000,-74.64
2545,2645000,-74.64
2546,2646000,-73.84
2547,2647000,-73.84
2548,2648000,-76.29
2549,2649000,-74.46
2550,2650000,-73.18
2551,2651000,-74.56
2552,2652000,-73.84
2553,2653000,-75.43
2554,2654000,-76.18
2555,2655000,-75.33
2556,2656000,-74.1
2557,2657000,-74.19
2558,2658000,-73.84
2559,2659000,-75.64
2560,2660000,-75.33
2561,2661000,-75.33
2562,2662000,-76.29
2563,2663000,-75.03
2564,2664000,-76.29
2565,2665000,-74.56
2566,2666000,-75.03
2567,2667000,-72.49
2568,2668000,-75.64
2569,2669000,-75.75
2570,2670000,-74.64
2571,2671000,-74.64
2572,2672000,-73.84
2573,2673000,-76.52
2574,2674000,-75.85
2575,2675000,-74.46
2576,2676000,-76.07
2577,2677000,-75.33
2578,2678000,-74.56
2579,2679000,-74.28
2580,2680000,-74.28
2581,2681000,-76.76
2582,2682000,-76.07
2583,2683000,-75.23
2584,2684000,-75.43
2585,2685000,-73.18
2586,2686000,-74.64
2587,2687000,-75.23
2588,2688000,-75.33
2589,2689000,-75.75
2590,2690000,-75.64
2591,2691000,-75.23
2592,2692000,-76.07
2593,2693000,-75.43
2594,2694000,-73.59
2595,2695000,-74.19
2596,2696000,-72.87
2597,2697000,-74.46
2598,2698000,-75.75
2599,2699000,-71.62
2600,2700000,-72.94
2601,2701000,-73.93
2602,2702000,-71.93
2603,2703000,-73.93
2604,2704000,-73.93
2605,2705000,-74.56
2606,2706000,-76.18
2607,2707000,-76.18
2608,2708000,-74.84
2609,2709000,-75.43
2610,2710000,-74.64
2611,2711000,-74.64
2612,2712000,-76.76
2613,2713000,-76.18
2614,2714000,-76.07
2615,2715000,-73.93
2616,2716000,-75.75
2617,2717000,-76.65
2618,2718000,-74.93
2619,2719000,-74.93
2620,2720000,-74.19
2621,2721000,-74.64
2622,2722000,-74.64
2623,2723000,-74.93
2624,2724000,-75.33
2625,2725000,-75.75
2626,2726000,-75.23
2627,2727000,-74.93
2628,2728000,-74.46
2629,2729000,-74.93
2630,2730000,-72.49
2631,2731000,-75.03
2632,2732000,-73.42
2633,2733000,-75.85
2634,2734000,-74.64
2635,2735000,-75.43
2636,2736000,-74.93
2637,2737000,-75.33
2638,2738000,-75.85
2639,2739000,-75.85
2640,2740000,-76.07
2641,2741000,-75.64
2642,2742000,-74.64
2643,2743000,-75.03
2644,2744000,-74.64
2645,2745000,-74.64
2646,2746000,-74.56
2647,2747000,-73.75
2648,2748000,-73.26
2649,2749000,-76.07
2650,2750000,-74.46
2651,2751000,-76.52
2652,2752000,-74.19
2653,2753000,-76.07
2654,2754000,-73.51
2655,2755000,-74.56
2656,2756000,-73.18
2657,2757000,-75.33
2658,2758000,-74.64
2659,2759000,-74.84
2660,2760000,-73.75
2661,2761000,-74.56
2662,2762000,-75.75
2663,2763000,-74.93
2664,2764000,-74.1
2665,2765000,-75.43
2666,2766000,-75.75
2667,2767000,-75.23
2668,2768000,-74.56
2669,2769000,-75.75
2670,2770000,-76.76
2671,2771000,-74.18
2672,2772000,-75.64
2673,2773000,-74.46
2674,2774000,-75.23
2675,2775000,-75.33
2676,2776000,-76.52
2677,2777000,-75.43
2678,2778000,-75.33
2679,2779000,-75.75
2680,2780000,-76.18
2681,2781000,-76.29
2682,2782000,-75.64
2683,2783000,-74.64
2684,2784000,-74.84
2685,2785000,-73.1
2686,2786000,-75.64
2687,2787000,-76.07
2688,2788000,-76.29
2689,2789000,-74.84
2690,2790000,-74.64
2691,2791000,-75.43
2692,2792000,-73.42
2693,2793000,-75.75
2694,2794000,-74.93
2695,2795000,-74.84
2696,2796000,-73.1
2697,2797000,-72.94
2698,2798000,-73.26
2699,2799000,-73.1
2700,2800000,-74.1
2701,2801000,-73.51
2702,2802000,-74.56
2703,2803000,-74.1
2704,2804000,-74.56
2705,2805000,-75.75
2706,2806000,-74.56
2707,2807000,-76.65
2708,2808000,-74.64
2709,2809000,-75.43
2710,2810000,-75.43
2711,2811000,-76.52
2712,2812000,-75.85
2713,2813000,-74.18
2714,2814000,-76.07
2715,2815000,-74.64
2716,2816000,-75.33
2717,2817000,-76.07
2718,2818000,-75.64
2719,2819000,-74.84
2720,2820000,-75.43
2721,2821000,-75.64
2722,2822000,-74.1
2723,2823000,-74.93
2724,2824000,-75.43
2725,2825000,-75.75
2726,2826000,-75.64
2727,2827000,-73.93
2728,2828000,-75.43
2729,2829000,-74.84
2730,2830000,-75.33
2731,2831000,-74.93
2732,2832000,-75.85
2733,2833000,-76.65
2734,2834000,-75.85
2735,2835000,-75.43
2736,2836000,-74.93
2737,2837000,-73.42
2738,2838000,-75.23
2739,2839000,-74.46
2740,2840000,-76.29
2741,2841000,-74.1
2742,2842000,-72.94
2743,2843000,-74.28
2744,2844000,-75.23
2745,2845000,-76.18
2746,2846000,-74.28
2747,2847000,-73.84
2748,2848000,-75.64
2749,2849000,-75.22
2750,2850000,-76.4
2751,2851000,-74.75
2752,2852000,-76.29
2753,2853000,-75.54
2754,2854000,-76.29
2755,2855000,-74.66
2756,2856000,-73.95
2757,2857000,-76.29
2758,2858000,-76.87
2759,2859000,-75.54
2760,2860000,-72.35
2761,2861000,-76.21
2762,2862000,-76.78
2763,2863000,-75.17
2764,2864000,-75.78
2765,2865000,-75.36
2766,2866000,-75.99
2767,2867000,-74.07
2768,2868000,-74.42
2769,2869000,-76.21
2770,2870000,-75.88
2771,2871000,-75.78
2772,2872000,-74.42
2773,2873000,-75.47
2774,2874000,-74.32
2775,2875000,-75.36
2776,2876000,-75.17
2777,2877000,-74.6
2778,2878000,-74.69
2779,2879000,-74.24
2780,2880000,-74.98
2781,2881000,-75.47
2782,2882000,-74.42
2783,2883000,-75.47
2784,2884000,-75.78
2785,2885000,-75.17
2786,2886000,-74.98
2787,2887000,-74.78
2788,2888000,-76.21
2789,2889000,-75.99
2790,2890000,-74.07
2791,2891000,-76.21
2792,2892000,-76.32
2793,2893000,-75.17
2794,2894000,-75.17
2795,2895000,-74.78
2796,2896000,-73.98
2797,2897000,-73.08
2798,2898000,-73.72
2799,2899000,-71.62
2800,2900000,-75.57
2801,2901000,-72.42
2802,2902000,-73.4
2803,2903000,-74.42
2804,2904000,-74.07
2805,2905000,-74.42
2806,2906000,-75.57
2807,2907000,-75.47
2808,2908000,-75.78
2809,2909000,-75.36
2810,2910000,-75.36
2811,2911000,-75.36
2812,2912000,-75.78
2813,2913000,-75.88
2814,2914000,-74.6
2815,2915000,-76.66
2816,2916000,-74.69
2817,2917000,-75.78
2818,2918000,-75.36
2819,2919000,-75.78
2820,2920000,-75.07
2821,2921000,-74.78
2822,2922000,-74.32
2823,2923000,-76.78
2824,2924000,-73.72
2825,2925000,-75.33
2826,2926000,-75.44
2827,2927000,-74.75
2828,2928000,-75.04
2829,2929000,-73.95
2830,2930000,-74.29
2831,2931000,-75.14
2832,2932000,-74.95
2833,2933000,-75.75
2834,2934000,-75.85
2835,2935000,-75.85
2836,2936000,-76.4
2837,2937000,-75.04
2838,2938000,-74.66
2839,2939000,-75.75
2840,2940000,-76.29
2841,2941000,-75.04
2842,2942000,-76.18
2843,2943000,-73.86
2844,2944000,-75.75
2845,2945000,-75.96
2846,2946000,-73.21
2847,2947000,-75.33
2848,2948000,-72.98
2849,2949000,-75.75
2850,2950000,-76.29
2851,2951000,-74.75
2852,2952000,-75.33
2853,2953000,-76.18
2854,2954000,-74.95
2855,2955000,-75.75
2856,2956000,-76.18
2857,2957000,-75.96
2858,2958000,-72.04
2859,2959000,-73.86
2860,2960000,-75.85
2861,2961000,-74.21
2862,2962000,-74.75
2863,2963000,-74.75
2864,2964000,-76.4
2865,2965000,-75.33
2866,2966000,-74.95
2867,2967000,-74.57
2868,2968000,-75.96
2869,2969000,-75.14
2870,2970000,-75.85
2871,2971000,-75.75
2872,2972000,-74.04
2873,2973000,-74.75
2874,2974000,-75.33
2875,2975000,-76.87
2876,2976000,-75.54
2877,2977000,-74.57
2878,2978000,-76.18
2879,2979000,-74.66
2880,2980000,-75.85
2881,2981000,-75.75
2882,2982000,-75.33
2883,2983000,-75.14
2884,2984000,-77.24
2885,2985000,-75.04
2886,2986000,-75.96
2887,2987000,-75.14
2888,2988000,-75.04
2889,2989000,-75.44
2890,2990000,-75.75
2891,2991000,-75.04
2892,2992000,-74.57
2893,2993000,-73.53
2894,2994000,-75.75
2895,2995000,-74.39
2896,2996000,-72.32
2897,2997000,-74.39
2898,2998000,-73.37
2899,2999000,-73.05
2900,3000000,-72.98
2901,3001000,-72.68
2902,3002000,-74.39
2903,3003000,-75.04
2904,3004000,-74.04
2905,3005000,-73.69
2906,3006000,-75.14
2907,3007000,-75.44
2908,3008000,-73.61
2909,3009000,-73.53
2910,3010000,-75.85
2911,3011000,-76.18
2912,3012000,-75.96
2913,3013000,-74.2
2914,3014000,-75.54
2915,3015000,-76.18
2916,3016000,-75.96
2917,3017000,-74.39
2918,3018000,-74.75
2919,3019000,-76.29
2920,3020000,-74.66
2921,3021000,-75.75
2922,3022000,-75.04
2923,3023000,-75.96
2924,3024000,-75.85
2925,3025000,-73.53
2926,3026000,-77.12
2927,3027000,-74.95
2928,3028000,-74.75
2929,3029000,-75.44
2930,3030000,-74.04
2931,3031000,-75.85
2932,3032000,-74.57
2933,3033000,-75.96
2934,3034000,-75.14
2935,3035000,-74.95
2936,3036000,-75.14
2937,3037000,-75.33
2938,3038000,-75.14
2939,3039000,-76.29
2940,3040000,-73.53
2941,3041000,-76.18
2942,3042000,-74.66
2943,3043000,-74.75
2944,3044000,-75.54
2945,3045000,-75.54
2946,3046000,-76.75
2947,3047000,-74.04
2948,3048000,-76.29
2949,3049000,-74.39
2950,3050000,-76.18
2951,3051000,-75.33
2952,3052000,-75.75
2953,3053000,-74.95
2954,3054000,-74.66
2955,3055000,-75.96
2956,3056000,-76.29
2957,3057000,-74.92
2958,3058000,-75.41
2959,3059000,-76.6
2960,3060000,-73.5
2961,3061000,-74.36
2962,3062000,-75.51
2963,3063000,-76.38
2964,3064000,-75.72
2965,3065000,-73.34
2966,3066000,-76.26
2967,3067000,-73.5
2968,3068000,-75.02
2969,3069000,-73.67
2970,3070000,-75.83
2971,3071000,-75.72
2972,3072000,-76.6
2973,3073000,-75.93
2974,3074000,-75.83
2975,3075000,-73.67
2976,3076000,-75.83
2977,3077000,-75.02
2978,3078000,-75.41
2979,3079000,-75.41
2980,3080000,-75.72
2981,3081000,-75.02
2982,3082000,-75.72
2983,3083000,-75.31
2984,3084000,-75.51
2985,3085000,-75.93
2986,3086000,-76.15
2987,3087000,-74.01
2988,3088000,-76.6
2989,3089000,-75.51
2990,3090000,-75.93
2991,3091000,-75.51
2992,3092000,-75.41
2993,3093000,-73.92
2994,3094000,-76.38
2995,3095000,-73.5
2996,3096000,-73.67
2997,3097000,-74.73
2998,3098000,-73.67
2999,3099000,-73.26
3000,3100000,-75.72
3001,3101000,-74.36
3002,3102000,-74.73
3003,3103000,-74.73
3004,3104000,-74.27
3005,3105000,-74.27
3006,3106000,-74.18
3007,3107000,-73.84
3008,3108000,-76.38
3009,3109000,-75.02
3010,3110000,-74.36
3011,3111000,-75.93
3012,3112000,-76.15
3013,3113000,-75.51
3014,3114000,-73.84
3015,3115000,-76.15
3016,3116000,-77.09
3017,3117000,-73.84
3018,3118000,-73.83
3019,3119000,-74.36
3020,3120000,-75.51
3021,3121000,-75.11
3022,3122000,-75.07
3023,3123000,-74.97
3024,3124000,-75.99
3025,3125000,-75.47
3026,3126000,-76.31
3027,3127000,-74.42
3028,3128000,-75.36
3029,3129000,-75.36
3030,3130000,-74.78
3031,3131000,-74.69
3032,3132000,-75.07
3033,3133000,-75.78
3034,3134000,-75.99
3035,3135000,-75.36
3036,3136000,-74.78
3037,3137000,-76.66
3038,3138000,-74.42
3039,3139000,-75.17
3040,3140000,-74.97
3041,3141000,-75.56
3042,3142000,-75.17
3043,3143000,-74.69
3044,3144000,-75.99
3045,3145000,-75.17
3046,3146000,-74.59
3047,3147000,-74.78
3048,3148000,-76.78
3049,3149000,-75.56
3050,3150000,-75.83
3051,3151000,-75.11
3052,3152000,-75.51
3053,3153000,-76.37
3054,3154000,-75.11
3055,3155000,-75.41
3056,3156000,-75.51
3057,3157000,-76.15
3058,3158000,-74.54
3059,3159000,-74.92
3060,3160000,-75.31
3061,3161000,-75.83
3062,3162000,-76.6
3063,3163000,-75.51
3064,3164000,-75.51
3065,3165000,-76.6
3066,3166000,-75.31
3067,3167000,-75.93
3068,3168000,-75.11
3069,3169000,-74.92
3070,3170000,-75.93
3071,3171000,-74.36
3072,3172000,-76.72
3073,3173000,-74.72
3074,3174000,-76.6
3075,3175000,-75.51
3076,3176000,-76.84
3077,3177000,-75.83
3078,3178000,-74.63
3079,3179000,-76.15
3080,3180000,-76.26
3081,3181000,-75.72
3082,3182000,-76.84
3083,3183000,-76.84
3084,3184000,-74.72
3085,3185000,-75.83
3086,3186000,-74.26
3087,3187000,-74.92
3088,3188000,-76.26
3089,3189000,-75.8
3090,3190000,-75.8
3091,3191000,-73.98
3092,3192000,-74.89
3093,3193000,-75.69
3094,3194000,-75.08
3095,3195000,-75.38
3096,3196000,-74.23
3097,3197000,-73.15
3098,3198000,-75.28
3099,3199000,-73.8
3100,3200000,-73.23
3101,3201000,-72.99
3102,3202000,-74.61
3103,3203000,-74.69
3104,3204000,-74.15
3105,3205000,-73.31
3106,3206000,-74.89
3107,3207000,-76.12
3108,3208000,-75.08
3109,3209000,-76.23
3110,3210000,-76.34
3111,3211000,-76.34
3112,3212000,-76.57
3113,3213000,-76.57
3114,3214000,-74.89
3115,3215000,-74.69
3116,3216000,-76.81
3117,3217000,-74.89
3118,3218000,-76.57
3119,3219000,-73.63
3120,3220000,-73.8
3121,3221000,-77.06
3122,3222000,-74.51
3123,3223000,-74.89
3124,3224000,-75.9
3125,3225000,-75.9
3126,3226000,-74.89
3127,3227000,-75.28
3128,3228000,-75.38
3129,3229000,-76.81
3130,3230000,-76.34
3131,3231000,-74.51
3132,3232000,-75.28
3133,3233000,-74.89
3134,3234000,-76.7
3135,3235000,-75.69
3136,3236000,-74.69
3137,3237000,-75.69
3138,3238000,-75.9
3139,3239000,-76.12
3140,3240000,-75.08
3141,3241000,-75.08
3142,3242000,-72.69
3143,3243000,-75.69
3144,3244000,-75.8
3145,3245000,-76.23
3146,3246000,-74.98
3147,3247000,-74.98
3148,3248000,-75.8
3149,3249000,-76.12
3150,3250000,-75.28
3151,3251000,-77.06
3152,3252000,-77.06
3153,3253000,-76.57
3154,3254000,-75.8
3155,3255000,-74.51
3156,3256000,-73.31
3157,3257000,-75.38
3158,3258000,-77.56
3159,3259000,-76.23
3160,3260000,-75.8
3161,3261000,-74.23
3162,3262000,-76.34
3163,3263000,-75.38
3164,3264000,-75.9
3165,3265000,-75.69
3166,3266000,-75.9
3167,3267000,-75.69
3168,3268000,-73.15
3169,3269000,-75.27
3170,3270000,-74.69
3171,3271000,-76.12
3172,3272000,-75.08
3173,3273000,-75.8
3174,3274000,-75.8
3175,3275000,-74.98
3176,3276000,-75.08
3177,3277000,-75.8
3178,3278000,-74.98
3179,3279000,-75.8
3180,3280000,-76.34
3181,3281000,-76.12
3182,3282000,-75.38
3183,3283000,-74.33
3184,3284000,-73.23
3185,3285000,-74.15
3186,3286000,-75.8
3187,3287000,-76.34
3188,3288000,-74.69
3189,3289000,-75.8
3190,3290000,-75.8
3191,3291000,-73.89
3192,3292000,-75.48
3193,3293000,-75.48
3194,3294000,-75.08
3195,3295000,-75.69
3196,3296000,-75.27
3197,3297000,-75.08
3198,3298000,-72.33
3199,3299000,-73.63
3200,3300000,-73.8
3201,3301000,-73.31
3202,3302000,-73.55
3203,3303000,-73.23
3204,3304000,-74.51
3205,3305000,-74.89
3206,3306000,-74.6
3207,3307000,-75.48
3208,3308000,-75.69
3209,3309000,-75.48
3210,3310000,-75.48
3211,3311000,-76.23
3212,3312000,-74.6
3213,3313000,-75.08
3214,3314000,-75.48
3215,3315000,-77.18
3216,3316000,-75.48
3217,3317000,-74.51
3218,3318000,-75.38
3219,3319000,-74.58
3220,3320000,-75.88
3221,3321000,-76.1
3222,3322000,-74.96
3223,3323000,-75.06
3224,3324000,-75.66
3225,3325000,-76.67
3226,3326000,-75.88
3227,3327000,-76.2
3228,3328000,-74.48
3229,3329000,-75.88
3230,3330000,-75.77
3231,3331000,-75.88
3232,3332000,-75.45
3233,3333000,-74.96
3234,3334000,-74.86
3235,3335000,-76.2
3236,3336000,-76.32
3237,3337000,-76.67
3238,3338000,-75.25
3239,3339000,-74.31
3240,3340000,-76.1
3241,3341000,-75.45
3242,3342000,-75.77
3243,3343000,-76.2
3244,3344000,-75.36
3245,3345000,-75.77
3246,3346000,-75.88
3247,3347000,-75.25
3248,3348000,-76.67
3249,3349000,-75.36
3250,3350000,-74.86
3251,3351000,-77.67
3252,3352000,-74.31
3253,3353000,-73.2
3254,3354000,-75.25
3255,3355000,-75.77
3256,3356000,-75.77
3257,3357000,-76.32
3258,3358000,-75.25
3259,3359000,-75.45
3260,3360000,-76.2
3261,3361000,-75.66
3262,3362000,-75.06
3263,3363000,-75.45
3264,3364000,-75.77
3265,3365000,-75.06
3266,3366000,-77.15
3267,3367000,-74.96
3268,3368000,-74.86
3269,3369000,-75.77
3270,3370000,-74.67
3271,3371000,-75.66
3272,3372000,-75.88
3273,3373000,-74.96
3274,3374000,-73.86
3275,3375000,-75.88
3276,3376000,-76.1
3277,3377000,-76.78
3278,3378000,-74.21
3279,3379000,-74.86
3280,3380000,-73.12
3281,3381000,-75.88
3282,3382000,-77.03
3283,3383000,-74.96
3284,3384000,-76.32
3285,3385000,-76.2
3286,3386000,-75.27
3287,3387000,-75.08
3288,3388000,-75.79
3289,3389000,-75.69
3290,3390000,-75.69
3291,3391000,-74.98
3292,3392000,-75.79
3293,3393000,-76.57
3294,3394000,-74.51
3295,3395000,-74.89
3296,3396000,-74.23
3297,3397000,-73.63
3298,3398000,-74.33
3299,3399000,-74.23
3300,3400000,-73.47
3301,3401000,-75.27
3302,3402000,-73.55
3303,3403000,-74.51
3304,3404000,-75.69
3305,3405000,-74.14
3306,3406000,-75.9
3307,3407000,-75.48
3308,3408000,-74.69
3309,3409000,-76.23
3310,3410000,-76.69
3311,3411000,-75.69
3312,3412000,-76.57
3313,3413000,-74.98
3314,3414000,-75.69
3315,3415000,-75.69
3316,3416000,-74.69
3317,3417000,-76.57
3318,3418000,-75.48
3319,3419000,-75.27
3320,3420000,-75.27
3321,3421000,-74.33
3322,3422000,-75.08
3323,3423000,-76.57
3324,3424000,-76.23
3325,3425000,-74.33
3326,3426000,-75.08
3327,3427000,-76.23
3328,3428000,-75.48
3329,3429000,-75.9
3330,3430000,-74.6
3331,3431000,-74.6
3332,3432000,-75.69
3333,3433000,-73.98
3334,3434000,-74.89
3335,3435000,-74.98
3336,3436000,-75.27
3337,3437000,-74.98
3338,3438000,-76.34
3339,3439000,-74.89
3340,3440000,-76.81
3341,3441000,-74.89
3342,3442000,-76.34
3343,3443000,-74.69
3344,3444000,-75.9
3345,3445000,-75.48
3346,3446000,-76.57
3347,3447000,-75.79
3348,3448000,-76.23
3349,3449000,-75.79
3350,3450000,-75.22
3351,3451000,-75.85
3352,3452000,-76.64
3353,3453000,-74.83
3354,3454000,-74.83
3355,3455000,-74.09
3356,3456000,-75.63
3357,3457000,-75.03
3358,3458000,-76.07
3359,3459000,-74.18
3360,3460000,-75.42
3361,3461000,-75.74
3362,3462000,-76.17
3363,3463000,-75.85
3364,3464000,-75.85
3365,3465000,-76.52
3366,3466000,-75.63
3367,3467000,-73.84
3368,3468000,-76.75
3369,3469000,-76.07
3370,3470000,-75.33
3371,3471000,-75.74
3372,3472000,-74.83
3373,3473000,-77.0
3374,3474000,-75.03
3375,3475000,-74.28
3376,3476000,-74.55
3377,3477000,-75.42
3378,3478000,-75.22
3379,3479000,-76.07
3380,3480000,-75.63
3381,3481000,-76.07
3382,3482000,-76.17
3383,3483000,-75.22
3384,3484000,-75.03
3385,3485000,-75.63
3386,3486000,-76.07
3387,3487000,-74.28
3388,3488000,-73.92
3389,3489000,-75.74
3390,3490000,-76.17
3391,3491000,-76.29
3392,3492000,-74.93
3393,3493000,-73.84
3394,3494000,-74.93
3395,3495000,-75.74
3396,3496000,-76.17
3397,3497000,-74.83
3398,3498000,-72.57
3399,3499000,-74.18
3400,3500000,-73.75
3401,3501000,-73.09
3402,3502000,-74.18
3403,3503000,-74.45
3404,3504000,-73.75
3405,3505000,-75.03
3406,3506000,-74.64
3407,3507000,-73.25
3408,3508000,-74.45
3409,3509000,-74.93
3410,3510000,-74.93
3411,3511000,-73.84
3412,3512000,-75.63
3413,3513000,-75.22
3414,3514000,-76.52
3415,3515000,-75.85
3416,3516000,-74.64
3417,3517000,-75.22
3418,3518000,-76.29
3419,3519000,-74.64
3420,3520000,-75.03
3421,3521000,-74.93
3422,3522000,-77.12
3423,3523000,-76.52
3424,3524000,-74.28
3425,3525000,-75.63
3426,3526000,-76.17
3427,3527000,-76.52
3428,3528000,-74.18
3429,3529000,-74.83
3430,3530000,-74.55
3431,3531000,-75.63
3432,3532000,-75.42
3433,3533000,-75.42
3434,3534000,-75.42
3435,3535000,-75.03
3436,3536000,-75.85
3437,3537000,-76.29
3438,3538000,-74.64
3439,3539000,-75.33
3440,3540000,-74.28
3441,3541000,-74.55
3442,3542000,-74.64
3443,3543000,-74.93
3444,3544000,-74.93
3445,3545000,-75.63
3446,3546000,-73.58
3447,3547000,-76.29
3448,3548000,-76.75
3449,3549000,-75.85
3450,3550000,-75.03
3451,3551000,-76.29
3452,3552000,-74.64
3453,3553000,-75.33
3454,3554000,-76.64
3455,3555000,-75.63
3456,3556000,-75.33
3457,3557000,-75.85
3458,3558000,-74.83
3459,3559000,-76.17
3460,3560000,-75.74
3461,3561000,-76.52
3462,3562000,-76.64
3463,3563000,-76.29
3464,3564000,-76.52
3465,3565000,-75.85
3466,3566000,-77.0
3467,3567000,-75.22
3468,3568000,-76.17
3469,3569000,-76.52
3470,3570000,-74.55
3471,3571000,-75.74
3472,3572000,-74.83
3473,3573000,-76.17
3474,3574000,-73.17
3475,3575000,-73.58
3476,3576000,-74.83
3477,3577000,-76.29
3478,3578000,-75.42
3479,3579000,-74.64
3480,3580000,-75.63
3481,3581000,-75.42
3482,3582000,-74.28
3483,3583000,-75.03
3484,3584000,-75.63
3485,3585000,-74.93
3486,3586000,-76.29
3487,3587000,-75.8
3488,3588000,-74.59
3489,3589000,-74.04
3490,3590000,-74.88
3491,3591000,-74.13
3492,3592000,-76.24
3493,3593000,-75.37
3494,3594000,-75.27
3495,3595000,-73.36
3496,3596000,-75.37
3497,3597000,-74.04
3498,3598000,-73.04
3499,3599000,-74.88
3500,3600000,-74.97
3501,3601000,-72.29
3502,3602000,-74.04
3503,3603000,-74.23
3504,3604000,-75.69
3505,3605000,-74.4
3506,3606000,-75.27
3507,3607000,-75.17
3508,3608000,-74.59
3509,3609000,-76.47
3510,3610000,-75.17
3511,3611000,-75.17
3512,3612000,-73.45
3513,3613000,-75.69
3514,3614000,-76.95
3515,3615000,-74.88
3516,3616000,-76.24
3517,3617000,-75.37
3518,3618000,-75.79
3519,3619000,-75.69
3520,3620000,-75.69
3521,3621000,-75.79
3522,3622000,-74.97
3523,3623000,-75.37
3524,3624000,-76.59
3525,3625000,-73.36
3526,3626000,-74.59
3527,3627000,-75.79
3528,3628000,-75.27
3529,3629000,-75.79
3530,3630000,-75.17
3531,3631000,-75.58
3532,3632000,-74.78
3533,3633000,-74.59
3534,3634000,-76.24
3535,3635000,-76.02
3536,3636000,-74.5
3537,3637000,-74.88
3538,3638000,-74.23
3539,3639000,-74.13
3540,3640000,-76.59
3541,3641000,-76.24
3542,3642000,-75.79
3543,3643000,-76.47
3544,3644000,-76.02
3545,3645000,-74.88
3546,3646000,-76.12
3547,3647000,-76.02
3548,3648000,-74.97
3549,3649000,-76.12
3550,3650000,-75.69
3551,3651000,-74.59
3552,3652000,-74.97
3553,3653000,-75.79
3554,3654000,-74.4
3555,3655000,-76.46
3556,3656000,-76.12
3557,3657000,-74.5
3558,3658000,-76.07
3559,3659000,-75.32
3560,3660000,-72.78
3561,3661000,-75.32
3562,3662000,-76.29
3563,3663000,-75.42
3564,3664000,-76.07
3565,3665000,-75.02
3566,3666000,-75.42
3567,3667000,-72.93
3568,3668000,-74.83
3569,3669000,-74.55
3570,3670000,-75.42
3571,3671000,-75.63
3572,3672000,-74.45
3573,3673000,-75.02
3574,3674000,-76.17
3575,3675000,-74.83
3576,3676000,-76.29
3577,3677000,-76.17
3578,3678000,-75.42
3579,3679000,-76.29
3580,3680000,-75.32
3581,3681000,-73.83
3582,3682000,-76.51
3583,3683000,-75.32
3584,3684000,-75.84
3585,3685000,-75.63
3586,3686000,-76.29
3587,3687000,-76.17
3588,3688000,-76.51
3589,3689000,-76.29
3590,3690000,-75.63
3591,3691000,-75.22
3592,3692000,-76.17
3593,3693000,-74.64
3594,3694000,-74.55
3595,3695000,-75.74
3596,3696000,-74.27
3597,3697000,-75.02
3598,3698000,-75.02
3599,3699000,-75.22
3600,3700000,-74.09
3601,3701000,-74.09
3602,3702000,-74.45
3603,3703000,-73.83
3604,3704000,-73.83
3605,3705000,-76.17
3606,3706000,-75.02
3607,3707000,-75.42
3608,3708000,-74.93
3609,3709000,-76.51
3610,3710000,-76.51
3611,3711000,-76.51
3612,3712000,-76.51
3613,3713000,-75.32
3614,3714000,-73.5
3615,3715000,-74.27
3616,3716000,-74.83
3617,3717000,-74.93
3618,3718000,-75.02
3619,3719000,-75.22
3620,3720000,-74.18
3621,3721000,-75.74
3622,3722000,-76.51
3623,3723000,-76.17
3624,3724000,-75.84
3625,3725000,-76.29
3626,3726000,-76.06
3627,3727000,-75.84
3628,3728000,-75.22
3629,3729000,-75.02
3630,3730000,-74.64
3631,3731000,-75.32
3632,3732000,-76.06
3633,3733000,-75.63
3634,3734000,-77.63
3635,3735000,-76.06
3636,3736000,-75.63
3637,3737000,-75.74
3638,3738000,-75.32
3639,3739000,-74.93
3640,3740000,-74.64
3641,3741000,-76.06
3642,3742000,-75.63
3643,3743000,-76.28
3644,3744000,-76.51
3645,3745000,-74.64
3646,3746000,-75.42
3647,3747000,-74.27
3648,3748000,-74.27
3649,3749000,-75.32
3650,3750000,-74.55
3651,3751000,-77.25
3652,3752000,-75.74
3653,3753000,-74.55
3654,3754000,-75.63
3655,3755000,-75.74
3656,3756000,-75.02
3657,3757000,-76.17
3658,3758000,-75.02
3659,3759000,-74.27
3660,3760000,-74.18
3661,3761000,-74.83
3662,3762000,-74.55
3663,3763000,-74.64
3664,3764000,-75.84
3665,3765000,-74.83
3666,3766000,-76.28
3667,3767000,-75.63
3668,3768000,-77.12
3669,3769000,-76.51
3670,3770000,-77.0
3671,3771000,-77.63
3672,3772000,-75.22
3673,3773000,-75.74
3674,3774000,-75.02
3675,3775000,-75.22
3676,3776000,-77.0
3677,3777000,-76.17
3678,3778000,-73.83
3679,3779000,-75.42
3680,3780000,-74.64
3681,3781000,-74.27
3682,3782000,-76.51
3683,3783000,-76.51
3684,3784000,-75.63
3685,3785000,-74.45
3686,3786000,-74.64
3687,3787000,-74.45
3688,3788000,-76.64
3689,3789000,-74.45
3690,3790000,-75.32
3691,3791000,-75.84
3692,3792000,-74.18
3693,3793000,-76.06
3694,3794000,-74.93
3695,3795000,-75.32
3696,3796000,-73.17
3697,3797000,-74.45
3698,3798000,-73.41
3699,3799000,-74.18
3700,3800000,-73.5
3701,3801000,-73.41
3702,3802000,-73.58
3703,3803000,-75.22
3704,3804000,-74.83
3705,3805000,-74.83
3706,3806000,-74.83
3707,3807000,-74.18
3708,3808000,-74.93
3709,3809000,-75.63
3710,3810000,-74.83
3711,3811000,-75.22
3712,3812000,-73.58
3713,3813000,-74.27
3714,3814000,-76.06
3715,3815000,-74.64
3716,3816000,-75.74
3717,3817000,-75.22
3718,3818000,-75.02
3719,3819000,-75.42
3720,3820000,-74.45
3721,3821000,-76.28
3722,3822000,-76.17
3723,3823000,-77.12
3724,3824000,-73.74
3725,3825000,-75.74
3726,3826000,-76.06
3727,3827000,-77.5
3728,3828000,-75.22
3729,3829000,-75.22
3730,3830000,-75.84
3731,3831000,-76.64
3732,3832000,-75.22
3733,3833000,-75.02
3734,3834000,-74.55
3735,3835000,-75.63
3736,3836000,-74.93
3737,3837000,-75.32
3738,3838000,-75.74
3739,3839000,-75.63
3740,3840000,-74.93
3741,3841000,-76.28
3742,3842000,-75.74
3743,3843000,-77.0
3744,3844000,-76.06
3745,3845000,-74.55
3746,3846000,-75.84
3747,3847000,-76.51
3748,3848000,-75.42
3749,3849000,-73.74
3750,3850000,-75.74
3751,3851000,-77.0
3752,3852000,-74.09
3753,3853000,-76.06
3754,3854000,-75.32
3755,3855000,-75.42
3756,3856000,-76.17
3757,3857000,-75.74
3758,3858000,-75.42
3759,3859000,-76.06
3760,3860000,-75.63
3761,3861000,-75.84
3762,3862000,-75.63
3763,3863000,-74.09
3764,3864000,-74.4
3765,3865000,-75.37
3766,3866000,-74.97
3767,3867000,-75.37
3768,3868000,-76.23
3769,3869000,-74.88
3770,3870000,-75.27
3771,3871000,-76.46
3772,3872000,-75.58
3773,3873000,-76.46
3774,3874000,-76.7
3775,3875000,-74.78
3776,3876000,-75.17
3777,3877000,-74.13
3778,3878000,-75.27
3779,3879000,-75.17
3780,3880000,-76.59
3781,3881000,-74.88
3782,3882000,-74.04
3783,3883000,-75.69
3784,3884000,-74.22
3785,3885000,-74.78
3786,3886000,-76.12
3787,3887000,-76.23
3788,3888000,-74.13
3789,3889000,-75.79
3790,3890000,-76.59
3791,3891000,-76.01
3792,3892000,-76.01
3793,3893000,-75.69
3794,3894000,-76.01
3795,3895000,-73.69
3796,3896000,-74.4
3797,3897000,-73.87
3798,3898000,-73.69
3799,3899000,-73.2
3800,3900000,-72.73
3801,3901000,-73.2
3802,3902000,-74.58
3803,3903000,-76.01
3804,3904000,-73.87
3805,3905000,-73.78
3806,3906000,-73.53
3807,3907000,-75.17
3808,3908000,-74.22
3809,3909000,-74.22
3810,3910000,-74.78
3811,3911000,-76.59
3812,3912000,-75.79
3813,3913000,-74.5
3814,3914000,-75.69
3815,3915000,-73.53
3816,3916000,-75.58
3817,3917000,-76.12
3818,3918000,-74.78
3819,3919000,-75.37
3820,3920000,-74.78
3821,3921000,-76.59
3822,3922000,-76.01
3823,3923000,-74.5
3824,3924000,-75.58
3825,3925000,-75.37
3826,3926000,-76.46
3827,3927000,-75.17
3828,3928000,-76.23
3829,3929000,-76.23
3830,3930000,-74.88
3831,3931000,-75.58
3832,3932000,-73.69
3833,3933000,-76.23
3834,3934000,-76.95
3835,3935000,-75.69
3836,3936000,-76.23
3837,3937000,-75.79
3838,3938000,-75.69
3839,3939000,-75.58
3840,3940000,-75.27
3841,3941000,-75.27
3842,3942000,-76.12
3843,3943000,-74.78
3844,3944000,-75.27
3845,3945000,-75.58
3846,3946000,-76.01
3847,3947000,-74.13
3848,3948000,-74.78
3849,3949000,-76.12
3850,3950000,-75.27
3851,3951000,-74.22
3852,3952000,-76.59
3853,3953000,-76.59
3854,3954000,-76.46
3855,3955000,-75.17
3856,3956000,-75.17
3857,3957000,-75.17
3858,3958000,-74.13
3859,3959000,-75.58
3860,3960000,-76.23
3861,3961000,-75.37
3862,3962000,-75.37
3863,3963000,-76.46
3864,3964000,-75.58
3865,3965000,-76.12
3866,3966000,-74.88
3867,3967000,-77.45
3868,3968000,-75.27
3869,3969000,-76.46
3870,3970000,-74.87
3871,3971000,-76.46
3872,3972000,-76.23
3873,3973000,-74.22
3874,3974000,-76.59
3875,3975000,-75.27
3876,3976000,-76.01
3877,3977000,-76.01
3878,3978000,-75.69
3879,3979000,-75.69
3880,3980000,-76.01
3881,3981000,-74.13
3882,3982000,-75.17
3883,3983000,-76.95
3884,3984000,-75.37
3885,3985000,-76.46
3886,3986000,-76.46
3887,3987000,-76.01
3888,3988000,-74.97
3889,3989000,-74.13
3890,3990000,-75.37
3891,3991000,-76.59
3892,3992000,-76.46
3893,3993000,-75.37
3894,3994000,-73.87
3895,3995000,-75.69
3896,3996000,-74.97
3897,3997000,-73.36
3898,3998000,-74.5
3899,3999000,-73.04
3900,4000000,-75.27
3901,4001000,-74.87
3902,4002000,-72.86
3903,4003000,-73.41
3904,4004000,-74.09
3905,4005000,-75.02
3906,4006000,-75.63
3907,4007000,-75.02
3908,4008000,-75.74
3909,4009000,-76.64
3910,4010000,-75.32
3911,4011000,-76.28
3912,4012000,-74.63
3913,4013000,-75.42
3914,4014000,-75.32
3915,4015000,-76.06
3916,4016000,-76.51
3917,4017000,-75.63
3918,4018000,-74.92
3919,4019000,-74.83
3920,4020000,-75.32
3921,4021000,-77.5
3922,4022000,-75.84
3923,4023000,-74.92
3924,4024000,-76.28
3925,4025000,-75.63
3926,4026000,-74.63
3927,4027000,-75.74
3928,4028000,-75.84
3929,4029000,-77.5
3930,4030000,-76.28
3931,4031000,-75.74
3932,4032000,-76.06
3933,4033000,-77.0
3934,4034000,-76.64
3935,4035000,-74.63
3936,4036000,-74.09
3937,4037000,-76.17
3938,4038000,-76.17
3939,4039000,-77.63
3940,4040000,-75.42
3941,4041000,-75.42
3942,4042000,-76.17
3943,4043000,-75.74
3944,4044000,-73.41
3945,4045000,-76.06
3946,4046000,-74.63
3947,4047000,-75.63
3948,4048000,-76.17
3949,4049000,-75.74
3950,4050000,-75.63
3951,4051000,-75.22
3952,4052000,-74.45
3953,4053000,-76.17
3954,4054000,-75.63
3955,4055000,-74.55
3956,4056000,-74.55
3957,4057000,-75.02
3958,4058000,-73.92
3959,4059000,-77.0
3960,4060000,-74.45
3961,4061000,-76.17
3962,4062000,-76.06
3963,4063000,-75.84
3964,4064000,-76.06
3965,4065000,-76.64
3966,4066000,-76.17
3967,4067000,-74.17
3968,4068000,-74.09
3969,4069000,-76.75
3970,4070000,-77.0
3971,4071000,-75.79
3972,4072000,-75.27
3973,4073000,-76.95
3974,4074000,-75.27
3975,4075000,-75.58
3976,4076000,-75.37
3977,4077000,-75.17
3978,4078000,-76.12
3979,4079000,-77.07
3980,4080000,-74.51
3981,4081000,-74.33
3982,4082000,-74.6
3983,4083000,-75.9
3984,4084000,-75.8
3985,4085000,-73.89
3986,4086000,-75.38
3987,4087000,-76.34
3988,4088000,-74.69
3989,4089000,-75.38
3990,4090000,-75.48
3991,4091000,-76.57
3992,4092000,-76.23
3993,4093000,-74.51
3994,4094000,-76.12
3995,4095000,-74.51
3996,4096000,-73.98
3997,4097000,-74.51
3998,4098000,-74.15
3999,4099000,-73.98
4000,4100000,-73.98
4001,4101000,-74.51
4002,4102000,-74.15
4003,4103000,-74.23
4004,4104000,-72.92
4005,4105000,-75.08
4006,4106000,-75.08
4007,4107000,-74.15
4008,4108000,-76.12
4009,4109000,-75.69
4010,4110000,-74.15
4011,4111000,-75.27
4012,4112000,-77.06
4013,4113000,-75.38
4014,4114000,-75.08
4015,4115000,-74.33
4016,4116000,-74.23
4017,4117000,-75.69
4018,4118000,-75.8
4019,4119000,-75.8
4020,4120000,-75.9
4021,4121000,-75.8
4022,4122000,-75.48
4023,4123000,-76.57
4024,4124000,-76.69
4025,4125000,-76.57
4026,4126000,-76.34
4027,4127000,-75.69
4028,4128000,-75.8
4029,4129000,-76.12
4030,4130000,-76.12
4031,4131000,-75.08
4032,4132000,-74.69
4033,4133000,-73.98
4034,4134000,-75.69
4035,4135000,-76.81
4036,4136000,-75.38
4037,4137000,-75.38
4038,4138000,-75.9
4039,4139000,-75.08
4040,4140000,-74.15
4041,4141000,-75.9
4042,4142000,-75.27
4043,4143000,-73.89
4044,4144000,-76.23
4045,4145000,-75.69
4046,4146000,-74.69
4047,4147000,-76.23
4048,4148000,-74.98
4049,4149000,-75.27
4050,4150000,-75.69
4051,4151000,-76.34
4052,4152000,-75.08
4053,4153000,-76.12
4054,4154000,-76.12
4055,4155000,-75.79
4056,4156000,-74.15
4057,4157000,-76.23
4058,4158000,-75.27
4059,4159000,-74.6
4060,4160000,-76.57
4061,4161000,-75.38
4062,4162000,-75.79
4063,4163000,-76.12
4064,4164000,-76.12
4065,4165000,-75.9
4066,4166000,-75.08
4067,4167000,-75.9
4068,4168000,-77.06
4069,4169000,-76.23
4070,4170000,-76.12
4071,4171000,-75.27
4072,4172000,-75.08
4073,4173000,-75.79
4074,4174000,-74.23
4075,4175000,-77.69
4076,4176000,-75.08
4077,4177000,-75.08
4078,4178000,-75.48
4079,4179000,-74.98
4080,4180000,-77.25
4081,4181000,-76.64
4082,4182000,-76.75
4083,4183000,-76.17
4084,4184000,-76.28
4085,4185000,-76.06
4086,4186000,-74.09
4087,4187000,-77.25
4088,4188000,-77.0
4089,4189000,-75.63
4090,4190000,-76.06
4091,4191000,-74.93
4092,4192000,-76.06
4093,4193000,-74.09
4094,4194000,-74.83
4095,4195000,-76.06
4096,4196000,-75.02
4097,4197000,-75.74
4098,4198000,-74.64
4099,4199000,-75.22
4100,4200000,-73.83
4101,4201000,-74.83
4102,4202000,-75.24
4103,4203000,-74.57
4104,4204000,-73.95
4105,4205000,-76.09
4106,4206000,-75.76
4107,4207000,-75.87
4108,4208000,-76.31
4109,4209000,-75.45
4110,4210000,-76.31
4111,4211000,-75.76
4112,4212000,-75.87
4113,4213000,-75.45
4114,4214000,-74.57
4115,4215000,-73.95
4116,4216000,-75.05
4117,4217000,-76.09
4118,4218000,-75.87
4119,4219000,-77.15
4120,4220000,-75.76
4121,4221000,-75.66
4122,4222000,-75.45
4123,4223000,-75.76
4124,4224000,-76.09
4125,4225000,-74.2
4126,4226000,-76.31
4127,4227000,-76.31
4128,4228000,-74.66
4129,4229000,-75.66
4130,4230000,-75.76
4131,4231000,-75.76
4132,4232000,-76.19
4133,4233000,-74.66
4134,4234000,-75.87
4135,4235000,-76.19
4136,4236000,-75.87
4137,4237000,-76.09
4138,4238000,-75.05
4139,4239000,-75.66
4140,4240000,-76.19
4141,4241000,-74.66
4142,4242000,-75.87
4143,4243000,-75.35
4144,4244000,-74.95
4145,4245000,-75.87
4146,4246000,-75.66
4147,4247000,-75.87
4148,4248000,-75.24
4149,4249000,-74.11
4150,4250000,-75.44
4151,4251000,-76.66
4152,4252000,-76.09
4153,4253000,-76.09
4154,4254000,-74.57
4155,4255000,-74.2
4156,4256000,-76.78
4157,4257000,-74.66
4158,4258000,-75.76
4159,4259000,-77.15
4160,4260000,-74.95
4161,4261000,-77.27
4162,4262000,-76.19
4163,4263000,-76.31
4164,4264000,-75.76
4165,4265000,-74.66
4166,4266000,-76.09
4167,4267000,-77.15
4168,4268000,-75.35
4169,4269000,-75.84
4170,4270000,-76.17
4171,4271000,-75.84
4172,4272000,-75.74
4173,4273000,-75.22
4174,4274000,-75.42
4175,4275000,-75.42
4176,4276000,-76.75
4177,4277000,-75.02
4178,4278000,-76.06
4179,4279000,-75.74
4180,4280000,-76.28
4181,4281000,-76.75
4182,4282000,-74.83
4183,4283000,-76.75
4184,4284000,-74.45
4185,4285000,-76.28
4186,4286000,-75.42
4187,4287000,-76.06
4188,4288000,-76.28
4189,4289000,-74.27
4190,4290000,-76.51
4191,4291000,-73.17
4192,4292000,-74.93
4193,4293000,-75.74
4194,4294000,-76.28
4195,4295000,-76.06
4196,4296000,-75.32
4197,4297000,-74.45
4198,4298000,-72.93
4199,4299000,-74.27
4200,4300000,-72.86
4201,4301000,-73.09
4202,4302000,-74.45
4203,4303000,-75.32
4204,4304000,-75.32
4205,4305000,-74.45
4206,4306000,-75.42
4207,4307000,-75.74
4208,4308000,-75.63
4209,4309000,-75.02
4210,4310000,-75.63
4211,4311000,-77.0
4212,4312000,-74.63
4213,4313000,-76.28
4214,4314000,-77.0
4215,4315000,-75.42
4216,4316000,-76.28
4217,4317000,-74.93
4218,4318000,-75.63
4219,4319000,-74.18
4220,4320000,-75.84
4221,4321000,-75.63
4222,4322000,-75.42
4223,4323000,-75.74
4224,4324000,-73.58
4225,4325000,-77.0
4226,4326000,-75.74
4227,4327000,-76.17
4228,4328000,-75.22
4229,4329000,-74.93
4230,4330000,-76.06
4231,4331000,-77.0
4232,4332000,-76.28
4233,4333000,-75.74
4234,4334000,-76.28
4235,4335000,-75.42
4236,4336000,-76.17
4237,4337000,-75.32
4238,4338000,-76.51
4239,4339000,-76.64
4240,4340000,-75.84
4241,4341000,-76.51
4242,4342000,-75.32
4243,4343000,-76.17
4244,4344000,-76.28
4245,4345000,-74.45
4246,4346000,-75.84
4247,4347000,-76.06
4248,4348000,-76.75
4249,4349000,-74.83
4250,4350000,-75.63
4251,4351000,-75.42
4252,4352000,-77.12
4253,4353000,-76.75
4254,4354000,-76.28
4255,4355000,-76.51
4256,4356000,-77.0
4257,4357000,-75.74
4258,4358000,-75.74
4259,4359000,-75.02
4260,4360000,-76.75
4261,4361000,-75.42
4262,4362000,-76.28
4263,4363000,-75.42
4264,4364000,-75.32
4265,4365000,-75.63
4266,4366000,-75.74
4267,4367000,-75.42
4268,4368000,-77.12
4269,4369000,-75.84
4270,4370000,-76.28
4271,4371000,-77.0
4272,4372000,-77.5
4273,4373000,-76.64
4274,4374000,-74.83
4275,4375000,-76.17
4276,4376000,-73.41
4277,4377000,-76.06
4278,4378000,-77.12
4279,4379000,-75.84
4280,4380000,-77.0
4281,4381000,-76.17
4282,4382000,-76.06
4283,4383000,-75.84
4284,4384000,-76.17
4285,4385000,-75.63
4286,4386000,-75.84
4287,4387000,-75.74
4288,4388000,-75.32
4289,4389000,-73.92
4290,4390000,-77.12
4291,4391000,-76.28
4292,4392000,-75.74
4293,4393000,-76.17
4294,4394000,-75.84
4295,4395000,-75.22
4296,4396000,-75.32
4297,4397000,-75.63
4298,4398000,-74.09
4299,4399000,-73.94
4300,4400000,-74.2
4301,4401000,-75.76
4302,4402000,-74.85
4303,4403000,-74.85
4304,4404000,-75.66
4305,4405000,-75.44
4306,4406000,-75.44
4307,4407000,-75.35
4308,4408000,-75.87
4309,4409000,-73.86
4310,4410000,-74.47
4311,4411000,-75.44
4312,4412000,-75.66
4313,4413000,-75.76
4314,4414000,-75.76
4315,4415000,-74.11
4316,4416000,-75.35
4317,4417000,-73.94
4318,4418000,-75.35
4319,4419000,-75.76
4320,4420000,-74.85
4321,4421000,-77.15
4322,4422000,-77.15
4323,4423000,-75.66
4324,4424000,-76.31
4325,4425000,-76.31
4326,4426000,-74.66
4327,4427000,-76.54
4328,4428000,-76.54
4329,4429000,-77.27
4330,4430000,-76.66
4331,4431000,-75.35
4332,4432000,-75.66
4333,4433000,-76.09
4334,4434000,-75.66
4335,4435000,-76.31
4336,4436000,-76.09
4337,4437000,-75.76
4338,4438000,-77.02
4339,4439000,-76.09
4340,4440000,-76.31
4341,4441000,-77.66
4342,4442000,-76.09
4343,4443000,-74.47
4344,4444000,-76.19
4345,4445000,-75.24
4346,4446000,-75.44
4347,4447000,-76.19
4348,4448000,-75.87
4349,4449000,-76.19
4350,4450000,-74.47
4351,4451000,-77.79
4352,4452000,-76.54
4353,4453000,-77.52
4354,4454000,-76.19
4355,4455000,-75.05
4356,4456000,-76.19
4357,4457000,-76.66
4358,4458000,-74.66
4359,4459000,-75.76
4360,4460000,-75.44
4361,4461000,-76.09
4362,4462000,-75.76
4363,4463000,-76.31
4364,4464000,-76.31
4365,4465000,-74.57
4366,4466000,-75.24
4367,4467000,-76.31
4368,4468000,-77.27
4369,4469000,-75.35
4370,4470000,-75.87
4371,4471000,-75.35
4372,4472000,-75.76
4373,4473000,-76.66
4374,4474000,-76.31
4375,4475000,-75.87
4376,4476000,-74.95
4377,4477000,-75.35
4378,4478000,-76.31
4379,4479000,-76.77
4380,4480000,-77.27
4381,4481000,-75.24
4382,4482000,-76.31
4383,4483000,-76.19
4384,4484000,-76.31
4385,4485000,-75.65
4386,4486000,-76.54
4387,4487000,-76.54
4388,4488000,-76.77
4389,4489000,-75.87
4390,4490000,-76.77
4391,4491000,-76.54
4392,4492000,-75.87
4393,4493000,-75.76
4394,4494000,-76.19
4395,4495000,-75.44
4396,4496000,-74.66
4397,4497000,-73.94
4398,4498000,-74.2
4399,4499000,-74.2
4400,4500000,-75.05
4401,4501000,-74.11
4402,4502000,-73.11
4403,4503000,-75.05
4404,4504000,-74.85
4405,4505000,-76.19
4406,4506000,-74.66
4407,4507000,-74.95
4408,4508000,-75.65
4409,4509000,-75.87
4410,4510000,-76.09
4411,4511000,-77.66
4412,4512000,-76.19
4413,4513000,-75.65
4414,4514000,-77.02
4415,4515000,-75.87
4416,4516000,-77.02
4417,4517000,-75.87
4418,4518000,-75.24
4419,4519000,-76.54
4420,4520000,-77.14
4421,4521000,-74.66
4422,4522000,-75.35
4423,4523000,-76.31
4424,4524000,-75.87
4425,4525000,-74.47
4426,4526000,-76.54
4427,4527000,-74.66
4428,4528000,-74.85
4429,4529000,-77.52
4430,4530000,-75.44
4431,4531000,-76.31
4432,4532000,-75.65
4433,4533000,-75.87
4434,4534000,-75.44
4435,4535000,-75.24
4436,4536000,-76.54
4437,4537000,-75.24
4438,4538000,-76.66
4439,4539000,-76.77
4440,4540000,-76.54
4441,4541000,-77.02
4442,4542000,-76.54
4443,4543000,-76.54
4444,4544000,-76.31
4445,4545000,-75.35
4446,4546000,-75.65
4447,4547000,-75.05
4448,4548000,-75.44
4449,4549000,-75.76
4450,4550000,-75.76
4451,4551000,-75.65
4452,4552000,-76.19
4453,4553000,-75.05
4454,4554000,-75.87
4455,4555000,-76.19
4456,4556000,-75.05
4457,4557000,-76.19
4458,4558000,-75.35
4459,4559000,-75.05
4460,4560000,-76.66
4461,4561000,-76.19
4462,4562000,-74.95
4463,4563000,-76.09
4464,4564000,-76.77
4465,4565000,-77.02
4466,4566000,-76.19
4467,4567000,-76.31
4468,4568000,-76.09
4469,4569000,-77.27
4470,4570000,-75.35
4471,4571000,-75.76
4472,4572000,-76.09
4473,4573000,-76.66
4474,4574000,-77.02
4475,4575000,-75.65
4476,4576000,-76.54
4477,4577000,-75.24
4478,4578000,-75.76
4479,4579000,-75.87
4480,4580000,-75.87
4481,4581000,-76.09
4482,4582000,-76.19
4483,4583000,-75.87
4484,4584000,-76.54
4485,4585000,-76.19
4486,4586000,-76.09
4487,4587000,-76.19
4488,4588000,-75.65
4489,4589000,-76.09
4490,4590000,-76.09
4491,4591000,-75.05
4492,4592000,-76.66
4493,4593000,-74.85
4494,4594000,-75.65
4495,4595000,-75.76
4496,4596000,-72.88
4497,4597000,-74.3
4498,4598000,-75.35
4499,4599000,-73.85
4500,4600000,-75.87
4501,4601000,-74.2
4502,4602000,-75.05
4503,4603000,-74.47
4504,4604000,-74.2
4505,4605000,-75.76
4506,4606000,-76.31
4507,4607000,-77.14
4508,4608000,-75.76
4509,4609000,-74.47
4510,4610000,-76.66
4511,4611000,-75.05
4512,4612000,-76.77
4513,4613000,-76.66
4514,4614000,-76.09
4515,4615000,-75.87
4516,4616000,-76.77
4517,4617000,-76.31
4518,4618000,-75.24
4519,4619000,-77.52
4520,4620000,-76.19
4521,4621000,-76.31
4522,4622000,-74.95
4523,4623000,-77.02
4524,4624000,-75.87
4525,4625000,-77.02
4526,4626000,-76.66
4527,4627000,-77.02
4528,4628000,-74.66
4529,4629000,-75.65
4530,4630000,-76.66
4531,4631000,-75.24
4532,4632000,-75.65
4533,4633000,-74.57
4534,4634000,-74.85
4535,4635000,-77.14
4536,4636000,-75.76
4537,4637000,-77.66
4538,4638000,-76.66
4539,4639000,-75.44
4540,4640000,-75.76
4541,4641000,-76.54
4542,4642000,-77.52
4543,4643000,-74.95
4544,4644000,-74.95
4545,4645000,-77.66
4546,4646000,-76.66
4547,4647000,-75.65
4548,4648000,-76.77
4549,4649000,-75.44
4550,4650000,-77.52
4551,4651000,-76.19
4552,4652000,-76.09
4553,4653000,-75.04
4554,4654000,-75.04
4555,4655000,-73.85
4556,4656000,-75.04
4557,4657000,-75.86
4558,4658000,-76.09
4559,4659000,-76.09
4560,4660000,-74.95
4561,4661000,-75.76
4562,4662000,-75.65
4563,4663000,-74.66
4564,4664000,-78.03
4565,4665000,-75.84
4566,4666000,-76.51
4567,4667000,-75.73
4568,4668000,-75.73
4569,4669000,-74.27
4570,4670000,-75.84
4571,4671000,-76.63
4572,4672000,-76.51
4573,4673000,-77.24
4574,4674000,-77.12
4575,4675000,-76.06
4576,4676000,-76.17
4577,4677000,-76.17
4578,4678000,-76.06
4579,4679000,-75.84
4580,4680000,-74.83
4581,4681000,-76.17
4582,4682000,-75.73
4583,4683000,-75.73
4584,4684000,-75.63
4585,4685000,-76.06
4586,4686000,-74.92
4587,4687000,-76.63
4588,4688000,-76.06
4589,4689000,-77.24
4590,4690000,-75.73
4591,4691000,-75.84
4592,4692000,-76.63
4593,4693000,-75.02
4594,4694000,-76.63
4595,4695000,-76.28
4596,4696000,-74.54
4597,4697000,-75.21
4598,4698000,-75.32
4599,4699000,-74.17
4600,4700000,-74.45
4601,4701000,-74.45
4602,4702000,-73.74
4603,4703000,-74.27
4604,4704000,-72.78
4605,4705000,-75.42
4606,4706000,-76.28
4607,4707000,-76.99
4608,4708000,-75.84
4609,4709000,-76.17
4610,4710000,-75.21
4611,4711000,-76.17
4612,4712000,-76.63
4613,4713000,-75.42
4614,4714000,-75.84
4615,4715000,-75.21
4616,4716000,-77.24
4617,4717000,-76.06
4618,4718000,-76.17
4619,4719000,-76.63
4620,4720000,-76.28
4621,4721000,-76.17
4622,4722000,-76.28
4623,4723000,-76.28
4624,4724000,-76.06
4625,4725000,-76.75
4626,4726000,-76.17
4627,4727000,-76.51
4628,4728000,-76.99
4629,4729000,-74.92
4630,4730000,-76.31
4631,4731000,-77.14
4632,4732000,-76.66
4633,4733000,-76.77
4634,4734000,-75.04
4635,4735000,-74.95
4636,4736000,-76.08
4637,4737000,-76.31
4638,4738000,-76.66
4639,4739000,-76.08
4640,4740000,-77.02
4641,4741000,-76.08
4642,4742000,-74.85
4643,4743000,-74.11
4644,4744000,-76.53
4645,4745000,-75.76
4646,4746000,-75.34
4647,4747000,-77.27
4648,4748000,-77.14
4649,4749000,-75.76
4650,4750000,-77.27
4651,4751000,-76.31
4652,4752000,-74.66
4653,4753000,-76.31
4654,4754000,-75.44
4655,4755000,-76.53
4656,4756000,-75.65
4657,4757000,-76.08
4658,4758000,-74.95
4659,4759000,-76.53
4660,4760000,-77.14
4661,4761000,-76.53
4662,4762000,-75.76
4663,4763000,-76.77
4664,4764000,-77.02
4665,4765000,-76.53
4666,4766000,-76.19
4667,4767000,-75.04
4668,4768000,-74.95
4669,4769000,-77.02
4670,4770000,-75.76
4671,4771000,-76.53
4672,4772000,-77.52
4673,4773000,-77.02
4674,4774000,-76.08
4675,4775000,-77.02
4676,4776000,-74.85
4677,4777000,-76.08
4678,4778000,-77.27
4679,4779000,-74.85
4680,4780000,-76.66
4681,4781000,-76.19
4682,4782000,-75.65
4683,4783000,-74.66
4684,4784000,-76.53
4685,4785000,-75.65
4686,4786000,-76.19
4687,4787000,-76.66
4688,4788000,-75.65
4689,4789000,-76.66
4690,4790000,-75.76
4691,4791000,-76.3
4692,4792000,-76.77
4693,4793000,-76.19
4694,4794000,-74.95
4695,4795000,-75.24
4696,4796000,-75.44
4697,4797000,-74.95
4698,4798000,-75.04
4699,4799000,-73.76
4700,4800000,-73.27
4701,4801000,-74.95
4702,4802000,-74.47
4703,4803000,-74.2
4704,4804000,-75.86
4705,4805000,-75.86
4706,4806000,-74.66
4707,4807000,-76.19
4708,4808000,-76.53
4709,4809000,-76.66
4710,4810000,-76.53
4711,4811000,-75.44
4712,4812000,-75.76
4713,4813000,-77.27
4714,4814000,-76.66
4715,4815000,-77.27
4716,4816000,-75.76
4717,4817000,-75.86
4718,4818000,-76.53
4719,4819000,-74.47
4720,4820000,-75.86
4721,4821000,-76.77
4722,4822000,-75.76
4723,4823000,-77.02
4724,4824000,-74.57
4725,4825000,-75.04
4726,4826000,-77.02
4727,4827000,-77.02
4728,4828000,-76.53
4729,4829000,-77.02
4730,4830000,-75.86
4731,4831000,-76.19
4732,4832000,-76.08
4733,4833000,-76.19
4734,4834000,-76.08
4735,4835000,-73.85
4736,4836000,-76.08
4737,4837000,-76.3
4738,4838000,-75.04
4739,4839000,-75.76
4740,4840000,-77.65
4741,4841000,-75.34
4742,4842000,-76.19
4743,4843000,-75.65
4744,4844000,-75.65
4745,4845000,-76.53
4746,4846000,-76.19
4747,4847000,-75.24
4748,4848000,-76.08
4749,4849000,-75.04
4750,4850000,-75.86
4751,4851000,-76.53
4752,4852000,-75.24
4753,4853000,-75.44
4754,4854000,-75.86
4755,4855000,-75.24
4756,4856000,-77.27
4757,4857000,-77.65
4758,4858000,-75.04
4759,4859000,-75.24
4760,4860000,-75.86
4761,4861000,-75.86
4762,4862000,-75.44
4763,4863000,-77.14
4764,4864000,-75.04
4765,4865000,-74.47
4766,4866000,-77.14
4767,4867000,-76.19
4768,4868000,-76.3
4769,4869000,-77.52
4770,4870000,-75.86
4771,4871000,-75.65
4772,4872000,-75.34
4773,4873000,-76.66
4774,4874000,-74.85
4775,4875000,-75.65
4776,4876000,-76.08
4777,4877000,-75.04
4778,4878000,-75.86
4779,4879000,-77.14
4780,4880000,-76.66
4781,4881000,-77.14
4782,4882000,-76.08
4783,4883000,-75.86
4784,4884000,-74.47
4785,4885000,-76.08
4786,4886000,-76.53
4787,4887000,-76.77
4788,4888000,-75.34
4789,4889000,-76.66
4790,4890000,-75.34
4791,4891000,-76.19
4792,4892000,-76.66
4793,4893000,-76.08
4794,4894000,-76.53
4795,4895000,-76.19
4796,4896000,-75.24
4797,4897000,-76.08
4798,4898000,-74.11
4799,4899000,-74.57
4800,4900000,-75.24
4801,4901000,-72.88
4802,4902000,-75.44
4803,4903000,-74.11
4804,4904000,-76.19
4805,4905000,-75.65
4806,4906000,-74.57
4807,4907000,-77.02
4808,4908000,-75.76
4809,4909000,-76.19
4810,4910000,-75.44
4811,4911000,-75.44
4812,4912000,-75.44
4813,4913000,-76.53
4814,4914000,-75.04
4815,4915000,-75.76
4816,4916000,-76.66
4817,4917000,-74.47
4818,4918000,-76.19
4819,4919000,-76.19
4820,4920000,-76.19
4821,4921000,-75.44
4822,4922000,-75.86
4823,4923000,-75.24
4824,4924000,-77.02
4825,4925000,-75.44
4826,4926000,-75.04
4827,4927000,-76.08
4828,4928000,-74.95
4829,4929000,-76.19
4830,4930000,-75.24
4831,4931000,-77.65
4832,4932000,-74.95
4833,4933000,-76.08
4834,4934000,-76.66
4835,4935000,-74.65
4836,4936000,-76.08
4837,4937000,-77.02
4838,4938000,-75.24
4839,4939000,-75.44
4840,4940000,-76.77
4841,4941000,-76.53
4842,4942000,-75.65
4843,4943000,-76.77
4844,4944000,-75.76
4845,4945000,-78.03
4846,4946000,-75.04
4847,4947000,-75.04
4848,4948000,-75.44
4849,4949000,-76.66
4850,4950000,-76.66
4851,4951000,-76.19
4852,4952000,-76.53
4853,4953000,-76.08
4854,4954000,-75.65
4855,4955000,-76.3
4856,4956000,-75.34
4857,4957000,-76.66
4858,4958000,-76.53
4859,4959000,-75.76
4860,4960000,-75.86
4861,4961000,-77.14
4862,4962000,-75.65
4863,4963000,-75.76
4864,4964000,-76.53
4865,4965000,-76.66
4866,4966000,-76.08
4867,4967000,-76.3
4868,4968000,-76.08
4869,4969000,-76.77
4870,4970000,-76.53
4871,4971000,-76.19
4872,4972000,-76.77
4873,4973000,-76.66
4874,4974000,-75.65
4875,4975000,-77.52
4876,4976000,-76.3
4877,4977000,-76.66
4878,4978000,-75.76
4879,4979000,-76.19
4880,4980000,-76.53
4881,4981000,-75.44
4882,4982000,-77.26
4883,4983000,-77.78
4884,4984000,-77.52
4885,4985000,-76.08
4886,4986000,-76.19
4887,4987000,-76.3
4888,4988000,-76.08
4889,4989000,-77.02
4890,4990000,-75.65
4891,4991000,-75.86
4892,4992000,-74.47
4893,4993000,-76.16
4894,4994000,-76.75
4895,4995000,-74.44
4896,4996000,-75.84
4897,4997000,-74.54
4898,4998000,-72.78
4899,4999000,-74.17
4900,5000000,-74.92
